-- MySQL dump 10.13  Distrib 8.0.21, for Linux (x86_64)
--
-- Host: std-mysql    Database: std_1083
-- ------------------------------------------------------
-- Server version	5.7.26-0ubuntu0.16.04.1

/*!40101 SET @OLD_CHARACTER_SET_CLIENT=@@CHARACTER_SET_CLIENT */;
/*!40101 SET @OLD_CHARACTER_SET_RESULTS=@@CHARACTER_SET_RESULTS */;
/*!40101 SET @OLD_COLLATION_CONNECTION=@@COLLATION_CONNECTION */;
/*!50503 SET NAMES utf8mb4 */;
/*!40103 SET @OLD_TIME_ZONE=@@TIME_ZONE */;
/*!40103 SET TIME_ZONE='+00:00' */;
/*!40014 SET @OLD_UNIQUE_CHECKS=@@UNIQUE_CHECKS, UNIQUE_CHECKS=0 */;
/*!40014 SET @OLD_FOREIGN_KEY_CHECKS=@@FOREIGN_KEY_CHECKS, FOREIGN_KEY_CHECKS=0 */;
/*!40101 SET @OLD_SQL_MODE=@@SQL_MODE, SQL_MODE='NO_AUTO_VALUE_ON_ZERO' */;
/*!40111 SET @OLD_SQL_NOTES=@@SQL_NOTES, SQL_NOTES=0 */;

--
-- Table structure for table `exam_comp_films`
--

DROP TABLE IF EXISTS `exam_comp_films`;
/*!40101 SET @saved_cs_client     = @@character_set_client */;
/*!50503 SET character_set_client = utf8mb4 */;
CREATE TABLE `exam_comp_films` (
  `id_film` int(11) NOT NULL,
  `id_comp` int(11) NOT NULL,
  PRIMARY KEY (`id_film`,`id_comp`),
  KEY `id_comp` (`id_comp`),
  CONSTRAINT `exam_comp_films_ibfk_1` FOREIGN KEY (`id_film`) REFERENCES `exam_film` (`id`) ON DELETE CASCADE,
  CONSTRAINT `exam_comp_films_ibfk_2` FOREIGN KEY (`id_comp`) REFERENCES `exam_compilations` (`id`) ON DELETE CASCADE
) ENGINE=InnoDB DEFAULT CHARSET=utf8;
/*!40101 SET character_set_client = @saved_cs_client */;

--
-- Dumping data for table `exam_comp_films`
--

LOCK TABLES `exam_comp_films` WRITE;
/*!40000 ALTER TABLE `exam_comp_films` DISABLE KEYS */;
INSERT INTO `exam_comp_films` VALUES (39,1);
/*!40000 ALTER TABLE `exam_comp_films` ENABLE KEYS */;
UNLOCK TABLES;

--
-- Table structure for table `exam_compilations`
--

DROP TABLE IF EXISTS `exam_compilations`;
/*!40101 SET @saved_cs_client     = @@character_set_client */;
/*!50503 SET character_set_client = utf8mb4 */;
CREATE TABLE `exam_compilations` (
  `id` int(11) NOT NULL AUTO_INCREMENT,
  `name` varchar(25) NOT NULL,
  `user_id` int(11) NOT NULL,
  PRIMARY KEY (`id`),
  UNIQUE KEY `name` (`name`),
  KEY `user_id` (`user_id`),
  CONSTRAINT `exam_compilations_ibfk_1` FOREIGN KEY (`user_id`) REFERENCES `exam_users` (`id`)
) ENGINE=InnoDB AUTO_INCREMENT=6 DEFAULT CHARSET=utf8;
/*!40101 SET character_set_client = @saved_cs_client */;

--
-- Dumping data for table `exam_compilations`
--

LOCK TABLES `exam_compilations` WRITE;
/*!40000 ALTER TABLE `exam_compilations` DISABLE KEYS */;
INSERT INTO `exam_compilations` VALUES (1,'Подборка',1),(3,'Name',2),(4,'some name',1),(5,'Новая подборка',1);
/*!40000 ALTER TABLE `exam_compilations` ENABLE KEYS */;
UNLOCK TABLES;

--
-- Table structure for table `exam_film`
--

DROP TABLE IF EXISTS `exam_film`;
/*!40101 SET @saved_cs_client     = @@character_set_client */;
/*!50503 SET character_set_client = utf8mb4 */;
CREATE TABLE `exam_film` (
  `id` int(11) NOT NULL AUTO_INCREMENT,
  `name` varchar(50) NOT NULL,
  `info` text NOT NULL,
  `year_w` year(4) NOT NULL,
  `country` varchar(50) NOT NULL,
  `s_writer` varchar(50) NOT NULL,
  `director` varchar(50) NOT NULL,
  `actors` text NOT NULL,
  `duration` int(11) NOT NULL,
  `poster` int(11) DEFAULT NULL,
  PRIMARY KEY (`id`)
) ENGINE=InnoDB AUTO_INCREMENT=44 DEFAULT CHARSET=utf8;
/*!40101 SET character_set_client = @saved_cs_client */;

--
-- Dumping data for table `exam_film`
--

LOCK TABLES `exam_film` WRITE;
/*!40000 ALTER TABLE `exam_film` DISABLE KEYS */;
INSERT INTO `exam_film` VALUES (39,'Film','фино',1998,'США','Сценарист','Режиссёр','Актёры всякие',111,NULL),(43,'Третий фильм','Информация об этом фильме',1990,'США','Сценарист','Режиссёр','Актёры всякие',111,NULL);
/*!40000 ALTER TABLE `exam_film` ENABLE KEYS */;
UNLOCK TABLES;

--
-- Table structure for table `exam_genres`
--

DROP TABLE IF EXISTS `exam_genres`;
/*!40101 SET @saved_cs_client     = @@character_set_client */;
/*!50503 SET character_set_client = utf8mb4 */;
CREATE TABLE `exam_genres` (
  `name` varchar(25) NOT NULL,
  PRIMARY KEY (`name`)
) ENGINE=InnoDB DEFAULT CHARSET=utf8;
/*!40101 SET character_set_client = @saved_cs_client */;

--
-- Dumping data for table `exam_genres`
--

LOCK TABLES `exam_genres` WRITE;
/*!40000 ALTER TABLE `exam_genres` DISABLE KEYS */;
INSERT INTO `exam_genres` VALUES ('Comedy'),('Horror'),('Tragedy'),('Triller');
/*!40000 ALTER TABLE `exam_genres` ENABLE KEYS */;
UNLOCK TABLES;

--
-- Table structure for table `exam_genres_films`
--

DROP TABLE IF EXISTS `exam_genres_films`;
/*!40101 SET @saved_cs_client     = @@character_set_client */;
/*!50503 SET character_set_client = utf8mb4 */;
CREATE TABLE `exam_genres_films` (
  `id_film` int(11) NOT NULL,
  `name_genre` varchar(25) NOT NULL,
  PRIMARY KEY (`id_film`,`name_genre`),
  KEY `name_genre` (`name_genre`),
  CONSTRAINT `exam_genres_films_ibfk_1` FOREIGN KEY (`id_film`) REFERENCES `exam_film` (`id`) ON DELETE CASCADE,
  CONSTRAINT `exam_genres_films_ibfk_2` FOREIGN KEY (`name_genre`) REFERENCES `exam_genres` (`name`)
) ENGINE=InnoDB DEFAULT CHARSET=utf8;
/*!40101 SET character_set_client = @saved_cs_client */;

--
-- Dumping data for table `exam_genres_films`
--

LOCK TABLES `exam_genres_films` WRITE;
/*!40000 ALTER TABLE `exam_genres_films` DISABLE KEYS */;
INSERT INTO `exam_genres_films` VALUES (39,'Horror'),(39,'Tragedy'),(43,'Tragedy'),(39,'Triller');
/*!40000 ALTER TABLE `exam_genres_films` ENABLE KEYS */;
UNLOCK TABLES;

--
-- Table structure for table `exam_rec`
--

DROP TABLE IF EXISTS `exam_rec`;
/*!40101 SET @saved_cs_client     = @@character_set_client */;
/*!50503 SET character_set_client = utf8mb4 */;
CREATE TABLE `exam_rec` (
  `id` int(11) NOT NULL AUTO_INCREMENT,
  `film_id` int(11) NOT NULL,
  `user_id` int(11) NOT NULL,
  `cnt` int(11) NOT NULL,
  `opinion` text NOT NULL,
  `date_op` timestamp NOT NULL DEFAULT CURRENT_TIMESTAMP,
  PRIMARY KEY (`id`),
  KEY `film_id` (`film_id`),
  KEY `user_id` (`user_id`),
  CONSTRAINT `exam_rec_ibfk_1` FOREIGN KEY (`film_id`) REFERENCES `exam_film` (`id`) ON DELETE CASCADE,
  CONSTRAINT `exam_rec_ibfk_2` FOREIGN KEY (`user_id`) REFERENCES `exam_users` (`id`) ON DELETE CASCADE
) ENGINE=InnoDB AUTO_INCREMENT=5 DEFAULT CHARSET=utf8;
/*!40101 SET character_set_client = @saved_cs_client */;

--
-- Dumping data for table `exam_rec`
--

LOCK TABLES `exam_rec` WRITE;
/*!40000 ALTER TABLE `exam_rec` DISABLE KEYS */;
INSERT INTO `exam_rec` VALUES (1,39,1,3,'Я удовлетворён\r\n','2021-01-26 12:27:06'),(3,43,1,1,'Плохо','2021-01-26 12:37:16'),(4,43,1,1,'Плохо','2021-01-26 12:38:35');
/*!40000 ALTER TABLE `exam_rec` ENABLE KEYS */;
UNLOCK TABLES;

--
-- Table structure for table `exam_roles`
--

DROP TABLE IF EXISTS `exam_roles`;
/*!40101 SET @saved_cs_client     = @@character_set_client */;
/*!50503 SET character_set_client = utf8mb4 */;
CREATE TABLE `exam_roles` (
  `id` int(11) NOT NULL AUTO_INCREMENT,
  `name` varchar(25) NOT NULL,
  `description` text,
  PRIMARY KEY (`id`)
) ENGINE=InnoDB AUTO_INCREMENT=4 DEFAULT CHARSET=utf8;
/*!40101 SET character_set_client = @saved_cs_client */;

--
-- Dumping data for table `exam_roles`
--

LOCK TABLES `exam_roles` WRITE;
/*!40000 ALTER TABLE `exam_roles` DISABLE KEYS */;
INSERT INTO `exam_roles` VALUES (1,'administrator',NULL),(2,'moderator',NULL),(3,'user',NULL);
/*!40000 ALTER TABLE `exam_roles` ENABLE KEYS */;
UNLOCK TABLES;

--
-- Table structure for table `exam_users`
--

DROP TABLE IF EXISTS `exam_users`;
/*!40101 SET @saved_cs_client     = @@character_set_client */;
/*!50503 SET character_set_client = utf8mb4 */;
CREATE TABLE `exam_users` (
  `id` int(11) NOT NULL AUTO_INCREMENT,
  `login` varchar(50) NOT NULL,
  `password_hash` varchar(256) NOT NULL,
  `last_name` varchar(50) NOT NULL,
  `first_name` varchar(50) NOT NULL,
  `middle_name` varchar(50) DEFAULT NULL,
  `role_id` int(11) NOT NULL,
  PRIMARY KEY (`id`),
  KEY `role_id` (`role_id`),
  CONSTRAINT `exam_users_ibfk_1` FOREIGN KEY (`role_id`) REFERENCES `exam_roles` (`id`)
) ENGINE=InnoDB AUTO_INCREMENT=4 DEFAULT CHARSET=utf8;
/*!40101 SET character_set_client = @saved_cs_client */;

--
-- Dumping data for table `exam_users`
--

LOCK TABLES `exam_users` WRITE;
/*!40000 ALTER TABLE `exam_users` DISABLE KEYS */;
INSERT INTO `exam_users` VALUES (1,'admin','65e84be33532fb784c48129675f9eff3a682b27168c0ea744b2cf58ee02337c5','Balduev','Nikita',NULL,1),(2,'moder','65e84be33532fb784c48129675f9eff3a682b27168c0ea744b2cf58ee02337c5','Flask_girl','Aphrodite',NULL,2);
/*!40000 ALTER TABLE `exam_users` ENABLE KEYS */;
UNLOCK TABLES;

--
-- Table structure for table `roles`
--

DROP TABLE IF EXISTS `roles`;
/*!40101 SET @saved_cs_client     = @@character_set_client */;
/*!50503 SET character_set_client = utf8mb4 */;
CREATE TABLE `roles` (
  `id` int(11) NOT NULL AUTO_INCREMENT,
  `name` varchar(25) NOT NULL,
  `description` text,
  PRIMARY KEY (`id`)
) ENGINE=InnoDB AUTO_INCREMENT=3 DEFAULT CHARSET=utf8;
/*!40101 SET character_set_client = @saved_cs_client */;

--
-- Dumping data for table `roles`
--

LOCK TABLES `roles` WRITE;
/*!40000 ALTER TABLE `roles` DISABLE KEYS */;
INSERT INTO `roles` VALUES (1,'administrator','Core role'),(2,'user','common user');
/*!40000 ALTER TABLE `roles` ENABLE KEYS */;
UNLOCK TABLES;

--
-- Table structure for table `users`
--

DROP TABLE IF EXISTS `users`;
/*!40101 SET @saved_cs_client     = @@character_set_client */;
/*!50503 SET character_set_client = utf8mb4 */;
CREATE TABLE `users` (
  `id` int(11) NOT NULL AUTO_INCREMENT,
  `login` varchar(25) NOT NULL,
  `last_name` varchar(25) NOT NULL,
  `first_name` varchar(25) NOT NULL,
  `middle_name` varchar(25) DEFAULT NULL,
  `password_hash` varchar(256) NOT NULL,
  `created_at` timestamp NOT NULL DEFAULT CURRENT_TIMESTAMP,
  `role_id` int(11) DEFAULT NULL,
  PRIMARY KEY (`id`),
  UNIQUE KEY `login` (`login`),
  KEY `role_id` (`role_id`),
  CONSTRAINT `users_ibfk_1` FOREIGN KEY (`role_id`) REFERENCES `roles` (`id`)
) ENGINE=InnoDB AUTO_INCREMENT=13 DEFAULT CHARSET=utf8;
/*!40101 SET character_set_client = @saved_cs_client */;

--
-- Dumping data for table `users`
--

LOCK TABLES `users` WRITE;
/*!40000 ALTER TABLE `users` DISABLE KEYS */;
INSERT INTO `users` VALUES (2,'admin','Ivanikkk','Nikita',NULL,'65e84be33532fb784c48129675f9eff3a682b27168c0ea744b2cf58ee02337c5','2021-01-11 09:00:08',1),(12,'ussr','fame','named',NULL,'65e84be33532fb784c48129675f9eff3a682b27168c0ea744b2cf58ee02337c5','2021-01-15 00:40:05',2);
/*!40000 ALTER TABLE `users` ENABLE KEYS */;
UNLOCK TABLES;

--
-- Table structure for table `visit_logs`
--

DROP TABLE IF EXISTS `visit_logs`;
/*!40101 SET @saved_cs_client     = @@character_set_client */;
/*!50503 SET character_set_client = utf8mb4 */;
CREATE TABLE `visit_logs` (
  `id` int(11) NOT NULL AUTO_INCREMENT,
  `path` varchar(100) NOT NULL,
  `user_id` int(11) DEFAULT NULL,
  `created_at` timestamp NOT NULL DEFAULT CURRENT_TIMESTAMP,
  PRIMARY KEY (`id`),
  KEY `user_id` (`user_id`),
  CONSTRAINT `visit_logs_ibfk_1` FOREIGN KEY (`user_id`) REFERENCES `users` (`id`)
) ENGINE=InnoDB AUTO_INCREMENT=1785 DEFAULT CHARSET=utf8;
/*!40101 SET character_set_client = @saved_cs_client */;

--
-- Dumping data for table `visit_logs`
--

LOCK TABLES `visit_logs` WRITE;
/*!40000 ALTER TABLE `visit_logs` DISABLE KEYS */;
INSERT INTO `visit_logs` VALUES (1,'/',12,'2021-01-15 00:50:09'),(2,'/static/main.js',12,'2021-01-15 00:50:09'),(3,'/visits/logs',12,'2021-01-15 00:50:11'),(4,'/visits/stat/pages',12,'2021-01-15 00:50:14'),(5,'/visits/stat/users',12,'2021-01-15 00:50:17'),(6,'/users',12,'2021-01-15 00:50:19'),(7,'/visits/logs',12,'2021-01-15 00:50:20'),(8,'/visits/logs',12,'2021-01-15 00:50:21'),(9,'/visits/logs',12,'2021-01-15 00:50:22'),(10,'/visits/logs',12,'2021-01-15 00:50:23'),(11,'/visits/logs',12,'2021-01-15 00:50:29'),(12,'/visits/logs',12,'2021-01-15 00:50:31'),(13,'/users/12/edit',12,'2021-01-15 00:50:36'),(14,'/users/12/update',12,'2021-01-15 00:50:40'),(15,'/',12,'2021-01-15 00:50:40'),(16,'/users',12,'2021-01-15 00:50:42'),(17,'/auth/logout',12,'2021-01-15 00:50:47'),(18,'/',NULL,'2021-01-15 00:50:47'),(19,'/auth/login',NULL,'2021-01-15 00:50:48'),(20,'/auth/login',NULL,'2021-01-15 00:50:53'),(21,'/',2,'2021-01-15 00:50:53'),(22,'/visits/logs',2,'2021-01-15 00:50:55'),(23,'/',2,'2021-01-15 00:50:56'),(24,'/users',2,'2021-01-15 00:50:57'),(25,'/users/6/delete',2,'2021-01-15 00:51:02'),(26,'/users',2,'2021-01-15 00:51:02'),(27,'/',2,'2021-01-15 00:54:38'),(28,'/static/main.js',2,'2021-01-15 00:54:38'),(29,'/users',2,'2021-01-15 00:54:40'),(30,'/users/12/edit',2,'2021-01-15 00:54:42'),(31,'/',2,'2021-01-15 00:54:43'),(32,'/',2,'2021-01-15 00:55:04'),(33,'/',2,'2021-01-15 00:55:10'),(34,'/static/main.js',2,'2021-01-15 00:55:10'),(35,'/users',2,'2021-01-15 00:55:11'),(36,'/users/12/edit',2,'2021-01-15 00:55:14'),(37,'/users/12/update',2,'2021-01-15 00:55:19'),(38,'/',2,'2021-01-15 00:55:19'),(39,'/users',2,'2021-01-15 00:55:21'),(40,'/users/12/edit',2,'2021-01-15 00:55:24'),(41,'/',2,'2021-01-15 00:55:56'),(42,'/static/main.js',2,'2021-01-15 00:55:57'),(43,'/users',2,'2021-01-15 00:55:58'),(44,'/users/12/edit',2,'2021-01-15 00:56:01'),(45,'/users/12/update',2,'2021-01-15 00:56:05'),(46,'/users',2,'2021-01-15 00:56:05'),(47,'/users/12/edit',2,'2021-01-15 00:56:28'),(48,'/users/12/update',2,'2021-01-15 00:56:51'),(49,'/',2,'2021-01-15 00:56:51'),(50,'/users/12/update',2,'2021-01-15 00:56:56'),(51,'/',2,'2021-01-15 00:56:56'),(52,'/auth/logout',2,'2021-01-15 00:57:29'),(53,'/',NULL,'2021-01-15 00:57:29'),(54,'/auth/login',NULL,'2021-01-15 00:57:30'),(55,'/auth/login',NULL,'2021-01-15 00:57:46'),(56,'/',12,'2021-01-15 00:57:46'),(57,'/users',12,'2021-01-15 00:57:48'),(58,'/users/12/edit',12,'2021-01-15 00:57:50'),(59,'/users/12/update',12,'2021-01-15 00:57:52'),(60,'/',12,'2021-01-15 00:57:52'),(61,'/users',12,'2021-01-15 00:58:06'),(62,'/users/12/edit',12,'2021-01-15 00:58:08'),(63,'/users/12/update',12,'2021-01-15 00:58:10'),(64,'/',12,'2021-01-15 00:58:10'),(65,'/users',12,'2021-01-15 00:58:13'),(66,'/users/12',12,'2021-01-15 00:58:14'),(67,'/visits/logs',12,'2021-01-15 00:58:18'),(68,'/',12,'2021-01-15 01:00:27'),(69,'/static/main.js',12,'2021-01-15 01:00:27'),(70,'/visits/logs',12,'2021-01-15 01:00:30'),(71,'/',12,'2021-01-15 01:05:56'),(72,'/users',12,'2021-01-15 01:05:57'),(73,'/users/12',12,'2021-01-15 01:06:01'),(74,'/',12,'2021-01-15 01:06:26'),(75,'/users',12,'2021-01-15 01:06:29'),(76,'/users/12/edit',12,'2021-01-15 01:06:30'),(77,'/users/12/update',12,'2021-01-15 01:06:34'),(78,'/',12,'2021-01-15 01:06:34'),(79,'/',12,'2021-01-15 01:07:39'),(80,'/static/main.js',12,'2021-01-15 01:07:39'),(81,'/users',12,'2021-01-15 01:07:40'),(82,'/',12,'2021-01-15 01:07:53'),(83,'/users',12,'2021-01-15 01:07:55'),(84,'/',12,'2021-01-15 01:08:04'),(85,'/auth/logout',12,'2021-01-15 01:08:10'),(86,'/',NULL,'2021-01-15 01:08:10'),(87,'/auth/login',NULL,'2021-01-15 01:08:11'),(88,'/auth/login',NULL,'2021-01-15 01:08:16'),(89,'/',2,'2021-01-15 01:08:16'),(90,'/users',2,'2021-01-15 01:08:18'),(91,'/',2,'2021-01-15 01:08:34'),(92,'/static/main.js',2,'2021-01-15 01:08:35'),(93,'/users',2,'2021-01-15 01:08:36'),(94,'/users',2,'2021-01-15 01:08:50'),(95,'/static/main.js',2,'2021-01-15 01:08:50'),(96,'/favicon.ico',2,'2021-01-15 01:08:50'),(97,'/users',2,'2021-01-15 01:09:05'),(98,'/',2,'2021-01-15 01:09:30'),(99,'/users',2,'2021-01-15 01:09:32'),(100,'/users/new',2,'2021-01-15 01:09:33'),(101,'/users/create',2,'2021-01-15 01:09:55'),(102,'/users',2,'2021-01-15 01:09:55'),(103,'/users/13/edit',2,'2021-01-15 01:10:26'),(104,'/users/13/update',2,'2021-01-15 01:10:29'),(105,'/',2,'2021-01-15 01:10:29'),(106,'/users',2,'2021-01-15 01:10:30'),(107,'/',2,'2021-01-15 01:13:19'),(108,'/static/main.js',2,'2021-01-15 01:13:19'),(109,'/users',2,'2021-01-15 01:13:21'),(110,'/users/12/edit',2,'2021-01-15 01:13:26'),(111,'/users/12/update',2,'2021-01-15 01:13:30'),(112,'/users',2,'2021-01-15 01:13:30'),(113,'/users/12/edit',2,'2021-01-15 01:13:35'),(114,'/users/12/update',2,'2021-01-15 01:13:53'),(115,'/',2,'2021-01-15 01:13:53'),(116,'/',2,'2021-01-15 01:18:07'),(117,'/static/main.js',2,'2021-01-15 01:18:08'),(118,'/users',2,'2021-01-15 01:18:10'),(119,'/users/2',2,'2021-01-15 01:18:16'),(120,'/users/2/edit',2,'2021-01-15 01:18:18'),(121,'/users/2/update',2,'2021-01-15 01:18:20'),(122,'/users',2,'2021-01-15 01:18:21'),(123,'/users/12',2,'2021-01-15 01:20:19'),(124,'/users',2,'2021-01-15 01:20:20'),(125,'/users/13/delete',2,'2021-01-15 01:20:30'),(126,'/users',2,'2021-01-15 01:20:31'),(127,'/users/12/edit',2,'2021-01-15 01:20:33'),(128,'/users/12/update',2,'2021-01-15 01:20:38'),(129,'/users',2,'2021-01-15 01:20:38'),(130,'/users/2/edit',2,'2021-01-15 01:20:41'),(131,'/users/2/update',2,'2021-01-15 01:20:43'),(132,'/users',2,'2021-01-15 01:20:43'),(133,'/users/2/edit',2,'2021-01-15 01:20:47'),(134,'/users/2/update',2,'2021-01-15 01:20:49'),(135,'/users',2,'2021-01-15 01:20:49'),(136,'/',2,'2021-01-15 01:21:35'),(137,'/static/main.js',2,'2021-01-15 01:21:36'),(138,'/users',2,'2021-01-15 01:21:37'),(139,'/users/2',2,'2021-01-15 01:21:40'),(140,'/users/12',2,'2021-01-15 01:21:42'),(141,'/users/2/edit',2,'2021-01-15 01:21:44'),(142,'/users/2/update',2,'2021-01-15 01:21:47'),(143,'/',2,'2021-01-15 01:21:47'),(144,'/users',2,'2021-01-15 01:21:50'),(145,'/users/12/edit',2,'2021-01-15 01:21:54'),(146,'/users/12/update',2,'2021-01-15 01:21:57'),(147,'/',2,'2021-01-15 01:21:58'),(148,'/users/12/edit',2,'2021-01-15 01:22:00'),(149,'/users',2,'2021-01-15 01:22:01'),(150,'/users/12/delete',2,'2021-01-15 01:22:08'),(151,'/users',2,'2021-01-15 01:22:08'),(152,'/users/12',2,'2021-01-15 01:22:14'),(153,'/users',2,'2021-01-15 01:22:15'),(154,'/users/new',2,'2021-01-15 01:22:28'),(155,'/users/create',2,'2021-01-15 01:22:36'),(156,'/',2,'2021-01-15 01:22:36'),(157,'/users/new',2,'2021-01-15 01:22:38'),(158,'/users',2,'2021-01-15 01:22:40'),(159,'/visits/logs',2,'2021-01-15 01:22:43'),(160,'/',2,'2021-01-15 07:47:18'),(161,'/static/main.js',2,'2021-01-15 07:47:18'),(162,'/favicon.ico',2,'2021-01-15 07:47:18'),(163,'/users',2,'2021-01-15 07:47:19'),(164,'/users/2/edit',2,'2021-01-15 07:47:22'),(165,'/users/2/update',2,'2021-01-15 07:47:34'),(166,'/',2,'2021-01-15 07:47:34'),(167,'/users',2,'2021-01-15 07:47:42'),(168,'/users/2',2,'2021-01-15 07:48:13'),(169,'/users/12',2,'2021-01-15 07:48:15'),(170,'/users/2/edit',2,'2021-01-15 07:48:19'),(171,'/users/2/edit',2,'2021-01-15 07:48:23'),(172,'/users/2/edit',2,'2021-01-15 07:48:29'),(173,'/users/12/edit',2,'2021-01-15 07:50:11'),(174,'/users/12/update',2,'2021-01-15 07:50:16'),(175,'/',2,'2021-01-15 07:50:17'),(176,'/users',2,'2021-01-15 07:50:19'),(177,'/visits/logs',2,'2021-01-15 07:50:53'),(178,'/',2,'2021-01-15 08:02:50'),(179,'/static/main.js',2,'2021-01-15 08:02:51'),(180,'/users',2,'2021-01-15 08:02:52'),(181,'/users/2',2,'2021-01-15 08:02:54'),(182,'/',2,'2021-01-15 08:03:39'),(183,'/users',2,'2021-01-15 08:03:42'),(184,'/users/2',2,'2021-01-15 08:03:43'),(185,'/',2,'2021-01-15 08:09:26'),(186,'/visits/logs',2,'2021-01-15 08:09:28'),(187,'/',2,'2021-01-15 08:12:27'),(188,'/visits/logs',2,'2021-01-15 08:12:28'),(189,'/visits/logs',2,'2021-01-15 08:12:30'),(190,'/visits/logs',2,'2021-01-15 08:12:31'),(191,'/visits/logs',2,'2021-01-15 08:12:32'),(192,'/visits/stat/pages',2,'2021-01-15 08:12:33'),(193,'/',2,'2021-01-15 08:13:07'),(194,'/users',2,'2021-01-15 08:13:09'),(195,'/visits/logs',2,'2021-01-15 08:13:10'),(196,'/visits/stat/pages',2,'2021-01-15 08:13:11'),(197,'/visits/stat/pages',2,'2021-01-15 08:13:18'),(198,'/',NULL,'2021-01-15 08:20:30'),(199,'/users',NULL,'2021-01-15 08:20:36'),(200,'/',NULL,'2021-01-15 08:22:38'),(201,'/users',NULL,'2021-01-15 08:22:40'),(202,'/',NULL,'2021-01-15 08:23:39'),(203,'/users',NULL,'2021-01-15 08:23:40'),(204,'/auth/login',NULL,'2021-01-15 08:23:45'),(205,'/auth/login',NULL,'2021-01-15 08:23:52'),(206,'/auth/login',NULL,'2021-01-15 08:25:16'),(207,'/',NULL,'2021-01-15 08:25:26'),(208,'/users',NULL,'2021-01-15 08:25:28'),(209,'/auth/login',NULL,'2021-01-15 08:25:29'),(210,'/auth/login',NULL,'2021-01-15 08:25:34'),(211,'/',NULL,'2021-01-15 08:26:07'),(212,'/users',NULL,'2021-01-15 08:26:08'),(213,'/visits/logs',NULL,'2021-01-15 08:26:10'),(214,'/visits/logs',NULL,'2021-01-15 08:26:11'),(215,'/visits/stat/pages',NULL,'2021-01-15 08:26:12'),(216,'/visits/stat/users',NULL,'2021-01-15 08:26:13'),(217,'/auth/login',NULL,'2021-01-15 08:26:18'),(218,'/auth/login',NULL,'2021-01-15 08:26:25'),(219,'/',2,'2021-01-15 08:26:25'),(220,'/users',2,'2021-01-15 08:26:27'),(221,'/users/2',2,'2021-01-15 08:26:31'),(222,'/users/2/edit',2,'2021-01-15 08:26:34'),(223,'/users/2/update',2,'2021-01-15 08:26:41'),(224,'/users',2,'2021-01-15 08:26:41'),(225,'/users/2/edit',2,'2021-01-15 08:26:53'),(226,'/users',2,'2021-01-15 08:26:55'),(227,'/users/2',2,'2021-01-15 08:26:56'),(228,'/users',2,'2021-01-15 08:27:33'),(229,'/users/2/edit',2,'2021-01-15 08:27:39'),(230,'/users/2/update',2,'2021-01-15 08:27:45'),(231,'/users',2,'2021-01-15 08:27:45'),(232,'/users',2,'2021-01-15 08:28:00'),(233,'/users/new',2,'2021-01-15 08:28:05'),(234,'/',2,'2021-01-15 08:30:03'),(235,'/static/main.js',2,'2021-01-15 08:30:04'),(236,'/users',2,'2021-01-15 08:30:09'),(237,'/users/2/edit',2,'2021-01-15 08:30:12'),(238,'/users/2/update',2,'2021-01-15 08:30:20'),(239,'/users',2,'2021-01-15 08:30:20'),(240,'/auth/logout',2,'2021-01-15 08:30:27'),(241,'/',NULL,'2021-01-15 08:30:27'),(242,'/auth/login',NULL,'2021-01-15 08:30:28'),(243,'/auth/login',NULL,'2021-01-15 08:30:36'),(244,'/',12,'2021-01-15 08:30:36'),(245,'/users',12,'2021-01-15 08:30:38'),(246,'/users/12/edit',12,'2021-01-15 08:30:41'),(247,'/users/1/edit',12,'2021-01-15 08:30:54'),(248,'/static/main.js',12,'2021-01-15 08:31:10'),(249,'/users/12/update',12,'2021-01-15 08:31:14'),(250,'/users',12,'2021-01-15 08:31:14'),(251,'/users/12/edit',12,'2021-01-15 08:31:19'),(252,'/users/12/update',12,'2021-01-15 08:31:20'),(253,'/users',12,'2021-01-15 08:31:21'),(254,'/visits/logs',12,'2021-01-15 08:31:23'),(255,'/visits/stat/users',12,'2021-01-15 08:31:24'),(256,'/visits/stat/pages',12,'2021-01-15 08:31:25'),(257,'/visits/logs',12,'2021-01-15 08:31:25'),(258,'/users',12,'2021-01-15 08:31:26'),(259,'/',12,'2021-01-15 08:32:00'),(260,'/static/main.js',12,'2021-01-15 08:32:00'),(261,'/users',12,'2021-01-15 08:32:01'),(262,'/users/12/edit',12,'2021-01-15 08:32:03'),(263,'/users/12/update',12,'2021-01-15 08:32:05'),(264,'/users',12,'2021-01-15 08:32:05'),(265,'/',12,'2021-01-15 08:34:49'),(266,'/static/main.js',12,'2021-01-15 08:34:49'),(267,'/users',12,'2021-01-15 08:34:51'),(268,'/users/12/edit',12,'2021-01-15 08:34:53'),(269,'/',12,'2021-01-15 08:37:16'),(270,'/users',12,'2021-01-15 08:37:17'),(271,'/users/12/edit',12,'2021-01-15 08:37:18'),(272,'/',12,'2021-01-15 08:38:36'),(273,'/users',12,'2021-01-15 08:38:37'),(274,'/users/12/edit',12,'2021-01-15 08:38:38'),(275,'/auth/logout',12,'2021-01-15 08:38:51'),(276,'/',NULL,'2021-01-15 08:38:51'),(277,'/auth/login',NULL,'2021-01-15 08:38:52'),(278,'/auth/login',NULL,'2021-01-15 08:39:01'),(279,'/',2,'2021-01-15 08:39:01'),(280,'/users',2,'2021-01-15 08:39:02'),(281,'/users/12/edit',2,'2021-01-15 08:39:04'),(282,'/users/12/update',2,'2021-01-15 08:39:17'),(283,'/users',2,'2021-01-15 08:39:17'),(284,'/users/2/edit',2,'2021-01-15 08:39:20'),(285,'/users',2,'2021-01-15 08:39:23'),(286,'/',2,'2021-01-15 08:40:09'),(287,'/static/main.js',2,'2021-01-15 08:40:10'),(288,'/users',2,'2021-01-15 08:40:10'),(289,'/users/12/edit',2,'2021-01-15 08:40:13'),(290,'/',2,'2021-01-15 08:44:33'),(291,'/users',2,'2021-01-15 08:44:36'),(292,'/users/12/edit',2,'2021-01-15 08:44:37'),(293,'/users/12/update',2,'2021-01-15 08:44:44'),(294,'/users',2,'2021-01-15 08:44:44'),(295,'/',2,'2021-01-15 08:45:08'),(296,'/static/main.js',2,'2021-01-15 08:45:08'),(297,'/users',2,'2021-01-15 08:45:09'),(298,'/users/12/edit',2,'2021-01-15 08:45:11'),(299,'/users/12/update',2,'2021-01-15 08:45:14'),(300,'/users',2,'2021-01-15 08:45:14'),(301,'/users/12/edit',2,'2021-01-15 08:45:27'),(302,'/users/12/update',2,'2021-01-15 08:45:52'),(303,'/',2,'2021-01-15 08:45:52'),(304,'/users',2,'2021-01-15 08:45:54'),(305,'/users',2,'2021-01-15 08:46:13'),(306,'/users/2/edit',2,'2021-01-15 08:46:20'),(307,'/users/2/update',2,'2021-01-15 08:46:23'),(308,'/users',2,'2021-01-15 08:46:23'),(309,'/users/2/edit',2,'2021-01-15 08:46:24'),(310,'/users/2/update',2,'2021-01-15 08:46:26'),(311,'/users',2,'2021-01-15 08:46:26'),(312,'/',2,'2021-01-15 09:03:10'),(313,'/static/main.js',2,'2021-01-15 09:03:10'),(314,'/users',2,'2021-01-15 09:03:13'),(315,'/visits/logs',2,'2021-01-15 09:03:18'),(316,'/users',2,'2021-01-15 09:03:19'),(317,'/visits/logs',2,'2021-01-15 09:03:19'),(318,'/visits/stat/pages',2,'2021-01-15 09:03:20'),(319,'/visits/stat/users',2,'2021-01-15 09:03:21'),(320,'/visits/logs',2,'2021-01-15 09:03:23'),(321,'/visits/stat/pages',2,'2021-01-15 09:03:23'),(322,'/visits/logs',2,'2021-01-15 09:03:25'),(323,'/users',2,'2021-01-15 09:03:28'),(324,'/visits/logs',2,'2021-01-15 09:05:31'),(325,'/visits/stat/pages',2,'2021-01-15 09:05:32'),(326,'/visits/stat/users',2,'2021-01-15 09:05:33'),(327,'/visits/stat/pages',2,'2021-01-15 09:09:47'),(328,'/visits/logs',2,'2021-01-15 09:09:48'),(329,'/visits/stat/users',2,'2021-01-15 09:09:48'),(330,'/visits/stat/pages',2,'2021-01-15 09:09:49'),(331,'/visits/stat/users',2,'2021-01-15 09:09:49'),(332,'/visits/stat/pages',2,'2021-01-15 09:09:51'),(333,'/visits/stat/pages',2,'2021-01-15 09:09:55'),(334,'/visits/logs',2,'2021-01-15 09:11:04'),(335,'/visits/logs',2,'2021-01-15 09:11:06'),(336,'/visits/logs',2,'2021-01-15 09:11:07'),(337,'/',2,'2021-01-15 09:11:15'),(338,'/users',2,'2021-01-15 09:11:16'),(339,'/visits/logs',2,'2021-01-15 09:11:16'),(340,'/visits/logs',2,'2021-01-15 09:11:17'),(341,'/visits/logs',2,'2021-01-15 09:11:18'),(342,'/visits/logs',2,'2021-01-15 09:11:19'),(343,'/visits/logs',2,'2021-01-15 09:11:24'),(344,'/visits/stat/pages',2,'2021-01-15 09:11:25'),(345,'/visits/stat/users',2,'2021-01-15 09:11:28'),(346,'/visits/stat/pages',2,'2021-01-15 09:11:31'),(347,'/visits/logs',2,'2021-01-15 09:11:45'),(348,'/users',2,'2021-01-15 09:23:13'),(349,'/users/12/edit',2,'2021-01-15 09:23:20'),(350,'/users/12/edit',2,'2021-01-15 09:23:41'),(351,'/',2,'2021-01-15 09:23:41'),(352,'/users',2,'2021-01-15 09:23:47'),(353,'/users/2/edit',2,'2021-01-15 09:23:52'),(354,'/users/2/update',2,'2021-01-15 09:24:46'),(355,'/users',2,'2021-01-15 09:24:46'),(356,'/visits/logs',2,'2021-01-15 09:26:26'),(357,'/visits/logs',2,'2021-01-15 09:26:30'),(358,'/visits/logs',2,'2021-01-15 09:26:31'),(359,'/visits/logs',2,'2021-01-15 09:26:32'),(360,'/visits/stat/users',2,'2021-01-15 09:26:33'),(361,'/visits/stat/users',2,'2021-01-15 09:26:38'),(362,'/visits/stat/pages',2,'2021-01-15 09:26:44'),(363,'/visits/stat/pages',2,'2021-01-15 09:26:56'),(364,'/visits/logs',2,'2021-01-15 09:27:06'),(365,'/users',2,'2021-01-15 09:27:13'),(366,'/users/2/edit',2,'2021-01-15 09:27:18'),(367,'/users/2/update',2,'2021-01-15 09:27:20'),(368,'/users',2,'2021-01-15 09:27:20'),(369,'/users/2/edit',2,'2021-01-15 09:27:25'),(370,'/users/2/update',2,'2021-01-15 09:27:26'),(371,'/users',2,'2021-01-15 09:27:26'),(372,'/visits/logs',2,'2021-01-15 09:38:31'),(373,'/visits/stat/pages',2,'2021-01-15 09:59:06'),(374,'/visits/stat/users',2,'2021-01-15 09:59:07'),(375,'/visits/stat/pages',2,'2021-01-15 09:59:08'),(376,'/visits/logs',2,'2021-01-15 10:06:49'),(377,'/',NULL,'2021-01-22 13:59:08'),(378,'/films',NULL,'2021-01-22 13:59:09'),(379,'/',NULL,'2021-01-22 13:59:36'),(380,'/films',NULL,'2021-01-22 13:59:38'),(381,'/auth/login',NULL,'2021-01-22 14:00:59'),(382,'/auth/login',NULL,'2021-01-22 14:01:08'),(383,'/',2,'2021-01-22 14:01:08'),(384,'/films',2,'2021-01-22 14:01:10'),(385,'/',2,'2021-01-22 14:03:33'),(386,'/films',2,'2021-01-22 14:03:36'),(387,'/',2,'2021-01-22 14:03:58'),(388,'/films',2,'2021-01-22 14:04:02'),(389,'/',2,'2021-01-22 14:04:22'),(390,'/films',2,'2021-01-22 14:04:24'),(391,'/',2,'2021-01-22 14:05:19'),(392,'/films',2,'2021-01-22 14:05:21'),(393,'/users',2,'2021-01-22 14:05:57'),(394,'/users/2',2,'2021-01-22 14:06:02'),(395,'/',2,'2021-01-22 14:16:02'),(396,'/users',2,'2021-01-22 14:16:03'),(397,'/',2,'2021-01-22 14:16:48'),(398,'/users',2,'2021-01-22 14:16:50'),(399,'/auth/logout',2,'2021-01-22 14:17:04'),(400,'/',NULL,'2021-01-22 14:17:04'),(401,'/auth/login',NULL,'2021-01-22 14:17:06'),(402,'/auth/login',NULL,'2021-01-22 14:17:12'),(403,'/auth/login',NULL,'2021-01-22 14:17:18'),(404,'/auth/login',NULL,'2021-01-22 14:17:23'),(405,'/auth/login',NULL,'2021-01-22 14:17:29'),(406,'/auth/login',NULL,'2021-01-22 14:18:01'),(407,'/',12,'2021-01-22 14:18:01'),(408,'/users',12,'2021-01-22 14:18:04'),(409,'/',12,'2021-01-22 14:27:09'),(410,'/films',12,'2021-01-22 14:27:11'),(411,'/',12,'2021-01-22 14:28:59'),(412,'/films',12,'2021-01-22 14:29:01'),(413,'/',12,'2021-01-22 14:29:37'),(414,'/films',12,'2021-01-22 14:29:38'),(415,'/',12,'2021-01-22 14:31:16'),(416,'/films',12,'2021-01-22 14:31:17'),(417,'/',12,'2021-01-22 14:31:55'),(418,'/users',12,'2021-01-22 14:31:59'),(419,'/films',12,'2021-01-22 14:32:01'),(420,'/',12,'2021-01-22 14:35:15'),(421,'/users',12,'2021-01-22 14:35:16'),(422,'/films',12,'2021-01-22 14:35:17'),(423,'/films',12,'2021-01-22 14:38:17'),(424,'/films',12,'2021-01-22 14:38:19'),(425,'/films',12,'2021-01-22 14:38:19'),(426,'/films',12,'2021-01-22 14:38:19'),(427,'/users',12,'2021-01-22 14:38:21'),(428,'/users/12',12,'2021-01-22 14:38:22'),(429,'/films',12,'2021-01-22 14:38:26'),(430,'/users',12,'2021-01-22 14:38:27'),(431,'/films',12,'2021-01-22 14:38:32'),(432,'/users',12,'2021-01-22 14:38:33'),(433,'/films',12,'2021-01-22 14:38:34'),(434,'/users',12,'2021-01-22 14:38:34'),(435,'/films',12,'2021-01-22 14:38:35'),(436,'/users',12,'2021-01-22 14:38:36'),(437,'/films',12,'2021-01-22 14:38:40'),(438,'/users',12,'2021-01-22 14:38:49'),(439,'/films',12,'2021-01-22 14:38:52'),(440,'/',12,'2021-01-22 14:41:09'),(441,'/films',12,'2021-01-22 14:41:12'),(442,'/',12,'2021-01-22 15:00:41'),(443,'/films',12,'2021-01-22 15:00:46'),(444,'/auth/logout',12,'2021-01-22 15:00:54'),(445,'/',NULL,'2021-01-22 15:00:54'),(446,'/auth/login',NULL,'2021-01-22 15:00:56'),(447,'/auth/login',NULL,'2021-01-22 15:01:05'),(448,'/',2,'2021-01-22 15:01:05'),(449,'/films',2,'2021-01-22 15:01:06'),(450,'/auth/logout',2,'2021-01-22 15:01:31'),(451,'/',NULL,'2021-01-22 15:01:31'),(452,'/',NULL,'2021-01-22 15:08:41'),(453,'/films',NULL,'2021-01-22 15:08:43'),(454,'/auth/login',NULL,'2021-01-22 15:08:46'),(455,'/auth/login',NULL,'2021-01-22 15:08:52'),(456,'/',2,'2021-01-22 15:08:52'),(457,'/films',2,'2021-01-22 15:08:53'),(458,'/',2,'2021-01-22 15:09:47'),(459,'/films',2,'2021-01-22 15:09:48'),(460,'/',2,'2021-01-22 15:10:05'),(461,'/films',2,'2021-01-22 15:10:07'),(462,'/',2,'2021-01-22 15:53:30'),(463,'/films',2,'2021-01-22 15:53:33'),(464,'/',2,'2021-01-22 15:54:03'),(465,'/films',2,'2021-01-22 15:54:07'),(466,'/',2,'2021-01-22 16:06:19'),(467,'/films',2,'2021-01-22 16:06:21'),(468,'/films',2,'2021-01-22 16:16:31'),(469,'/users/new',2,'2021-01-22 16:16:32'),(470,'/users/new',2,'2021-01-22 16:17:45'),(471,'/users/new',2,'2021-01-22 16:20:03'),(472,'/films',2,'2021-01-22 16:20:05'),(473,'/users/new',2,'2021-01-22 16:20:08'),(474,'/films',2,'2021-01-22 16:20:10'),(475,'/users/new',2,'2021-01-22 16:20:11'),(476,'/users/new',2,'2021-01-22 16:24:59'),(477,'/films',2,'2021-01-22 16:25:01'),(478,'/users/new',2,'2021-01-22 16:25:02'),(479,'/films',2,'2021-01-22 16:25:45'),(480,'/films',2,'2021-01-22 16:27:00'),(481,'/users/new',2,'2021-01-22 16:27:01'),(482,'/films',2,'2021-01-22 16:27:04'),(483,'/users',2,'2021-01-22 16:27:04'),(484,'/users/new',2,'2021-01-22 16:27:05'),(485,'/films',2,'2021-01-22 16:27:06'),(486,'/users/new',2,'2021-01-22 16:27:07'),(487,'/',2,'2021-01-22 16:31:50'),(488,'/films',2,'2021-01-22 16:31:51'),(489,'/films/new_film',2,'2021-01-22 16:31:52'),(490,'/films/new_film',2,'2021-01-22 16:39:41'),(491,'/users/new',2,'2021-01-22 16:50:36'),(492,'/films',2,'2021-01-22 16:50:39'),(493,'/films/new_film',2,'2021-01-22 16:50:41'),(494,'/films/new_film',2,'2021-01-22 16:51:32'),(495,'/users/create_film',2,'2021-01-22 16:52:14'),(496,'/',2,'2021-01-22 16:52:15'),(497,'/films',2,'2021-01-22 16:52:20'),(498,'/films/new_film',2,'2021-01-22 16:52:50'),(499,'/users/create_film',2,'2021-01-22 16:52:59'),(500,'/users/create_film',2,'2021-01-22 16:53:52'),(501,'/users/create_film',2,'2021-01-22 16:54:02'),(502,'/users/create_film',2,'2021-01-22 16:56:54'),(503,'/users/create_film',2,'2021-01-22 16:57:51'),(504,'/users/create_film',2,'2021-01-22 16:57:56'),(505,'/users/create_film',2,'2021-01-22 16:59:51'),(506,'/users/create_film',2,'2021-01-22 16:59:54'),(507,'/users/create_film',2,'2021-01-22 17:01:02'),(508,'/users/create_film',2,'2021-01-22 17:01:05'),(509,'/users/create_film',2,'2021-01-22 17:02:43'),(510,'/users/create_film',2,'2021-01-22 17:02:48'),(511,'/users/create_film',2,'2021-01-22 17:04:24'),(512,'/users/create_film',2,'2021-01-22 17:05:11'),(513,'/users/create_film',2,'2021-01-22 17:05:13'),(514,'/users/create_film',2,'2021-01-22 17:06:06'),(515,'/users/create_film',2,'2021-01-22 17:06:49'),(516,'/films',2,'2021-01-22 17:06:50'),(517,'/films/new_film',2,'2021-01-22 17:06:51'),(518,'/films',2,'2021-01-22 17:06:53'),(519,'/films',2,'2021-01-22 17:06:55'),(520,'/films/new_film',2,'2021-01-22 17:07:01'),(521,'/users/create_film',2,'2021-01-22 17:07:09'),(522,'/films',2,'2021-01-22 17:07:09'),(523,'/films',2,'2021-01-22 17:07:12'),(524,'/films',2,'2021-01-22 17:10:18'),(525,'/films',2,'2021-01-22 17:35:34'),(526,'/films',2,'2021-01-22 17:35:35'),(527,'/films',2,'2021-01-22 17:35:36'),(528,'/films',2,'2021-01-22 17:35:40'),(529,'/films',2,'2021-01-22 17:35:47'),(530,'/films',2,'2021-01-22 17:48:26'),(531,'/films',2,'2021-01-22 17:50:09'),(532,'/films',2,'2021-01-22 17:50:41'),(533,'/films',2,'2021-01-22 17:51:30'),(534,'/films/new_film',2,'2021-01-22 17:52:02'),(535,'/films',2,'2021-01-22 17:52:04'),(536,'/users',2,'2021-01-22 17:52:12'),(537,'/films',2,'2021-01-22 17:52:15'),(538,'/films',2,'2021-01-22 17:56:36'),(539,'/films',2,'2021-01-22 17:57:03'),(540,'/films',2,'2021-01-22 17:57:30'),(541,'/films',2,'2021-01-22 17:57:44'),(542,'/films',2,'2021-01-22 17:58:21'),(543,'/films',2,'2021-01-22 18:00:24'),(544,'/films',2,'2021-01-22 18:00:34'),(545,'/films',2,'2021-01-22 18:02:51'),(546,'/films',2,'2021-01-22 18:09:03'),(547,'/films',2,'2021-01-22 18:10:25'),(548,'/film/2/edit_film',2,'2021-01-22 18:10:28'),(549,'/film/2/edit_film',2,'2021-01-22 18:10:37'),(550,'/film/2/edit_film',2,'2021-01-22 18:12:32'),(551,'/film/2/edit_film',2,'2021-01-22 18:14:50'),(552,'/film/2/edit_film',2,'2021-01-22 18:16:00'),(553,'/film/2/edit_film',2,'2021-01-22 18:17:14'),(554,'/films',2,'2021-01-22 18:20:15'),(555,'/film/1/edit_film',2,'2021-01-22 18:20:17'),(556,'/',2,'2021-01-22 18:20:31'),(557,'/films',2,'2021-01-22 18:20:37'),(558,'/film/1/edit_film',2,'2021-01-22 18:20:39'),(559,'/film/1/edit_film',2,'2021-01-22 18:22:34'),(560,'/film/1/edit_film',2,'2021-01-22 18:23:50'),(561,'/films/new_film',2,'2021-01-22 18:24:34'),(562,'/film/2/edit_film',2,'2021-01-22 18:25:21'),(563,'/film/1/edit_film',2,'2021-01-22 18:25:25'),(564,'/film/2/edit_film',2,'2021-01-22 18:25:28'),(565,'/film/2/edit_film',2,'2021-01-22 18:25:35'),(566,'/film/2/edit_film',2,'2021-01-22 18:25:45'),(567,'/film/1/edit_film',2,'2021-01-22 18:26:02'),(568,'/film/2/edit_film',2,'2021-01-22 18:26:09'),(569,'/users',2,'2021-01-22 18:28:21'),(570,'/users/2/edit',2,'2021-01-22 18:28:22'),(571,'/users/2/edit',2,'2021-01-22 18:28:26'),(572,'/users',2,'2021-01-22 18:30:24'),(573,'/films',2,'2021-01-22 18:30:26'),(574,'/film/1/edit_film',2,'2021-01-22 18:30:27'),(575,'/film/2/edit_film',2,'2021-01-22 18:30:31'),(576,'/films',2,'2021-01-22 18:30:39'),(577,'/film/1/edit_film',2,'2021-01-22 18:30:42'),(578,'/film/2/edit_film',2,'2021-01-22 18:30:45'),(579,'/film/2/update_film',2,'2021-01-22 18:31:01'),(580,'/film/2/update_film',2,'2021-01-22 18:35:53'),(581,'/film/2/edit_film',2,'2021-01-22 18:38:42'),(582,'/films/new_film',2,'2021-01-22 18:41:23'),(583,'/film/2/edit_film',2,'2021-01-22 18:43:09'),(584,'/film/1/edit_film',2,'2021-01-22 18:43:11'),(585,'/films',2,'2021-01-22 18:50:49'),(586,'/films/new_film',2,'2021-01-22 18:50:52'),(587,'/films/new_film',2,'2021-01-22 18:52:43'),(588,'/films/new_film',2,'2021-01-22 18:53:52'),(589,'/users',2,'2021-01-22 18:55:45'),(590,'/users/2/edit',2,'2021-01-22 18:55:47'),(591,'/users/2',2,'2021-01-22 18:55:50'),(592,'/users/new',2,'2021-01-22 18:55:52'),(593,'/users/new',2,'2021-01-22 18:58:12'),(594,'/films',2,'2021-01-22 18:58:15'),(595,'/films/new_film',2,'2021-01-22 18:58:16'),(596,'/films/new_film',2,'2021-01-22 19:00:06'),(597,'/users',2,'2021-01-22 19:00:08'),(598,'/films',2,'2021-01-22 19:00:12'),(599,'/users',2,'2021-01-22 19:00:13'),(600,'/users/2/edit',2,'2021-01-22 19:00:13'),(601,'/films',2,'2021-01-22 19:00:15'),(602,'/film/1/edit_film',2,'2021-01-22 19:00:16'),(603,'/films/new_film',2,'2021-01-22 19:00:22'),(604,'/users/create_film',2,'2021-01-22 19:00:32'),(605,'/users/create_film',2,'2021-01-22 19:00:57'),(606,'/films',2,'2021-01-22 19:00:58'),(607,'/films',2,'2021-01-22 19:01:02'),(608,'/films',2,'2021-01-22 19:02:39'),(609,'/film/2/edit_film',2,'2021-01-22 19:02:40'),(610,'/film/2/edit_film',2,'2021-01-22 19:05:03'),(611,'/films',2,'2021-01-22 19:05:08'),(612,'/film/1/edit_film',2,'2021-01-22 19:05:09'),(613,'/film/2/edit_film',2,'2021-01-22 19:05:12'),(614,'/film/2/edit_film',2,'2021-01-22 19:07:08'),(615,'/film/2/edit_film',2,'2021-01-22 19:07:17'),(616,'/film/2/edit_film',2,'2021-01-22 19:07:31'),(617,'/film/2/update_film',2,'2021-01-22 19:07:35'),(618,'/film/2/edit_film',2,'2021-01-22 19:08:56'),(619,'/film/2/update_film',2,'2021-01-22 19:08:58'),(620,'/film/2/edit_film',2,'2021-01-22 19:09:26'),(621,'/film/2/update_film',2,'2021-01-22 19:09:29'),(622,'/film/1/edit_film',2,'2021-01-22 19:09:35'),(623,'/film/2/edit_film',2,'2021-01-22 19:09:40'),(624,'/films/new_film',2,'2021-01-22 19:09:43'),(625,'/film/2/edit_film',2,'2021-01-22 19:11:20'),(626,'/film/2/update_film',2,'2021-01-22 19:11:26'),(627,'/film/2/edit_film',2,'2021-01-22 19:16:11'),(628,'/film/2/update_film',2,'2021-01-22 19:16:19'),(629,'/users',2,'2021-01-22 19:19:50'),(630,'/users/2/edit',2,'2021-01-22 19:19:51'),(631,'/users/2/update',2,'2021-01-22 19:20:28'),(632,'/',2,'2021-01-22 19:20:28'),(633,'/',2,'2021-01-22 19:31:56'),(634,'/films',2,'2021-01-22 19:31:57'),(635,'/film/2/edit_film',2,'2021-01-22 19:31:58'),(636,'/film/2/update_film',2,'2021-01-22 19:31:59'),(637,'/films/new_film',2,'2021-01-22 19:32:05'),(638,'/films/new_film',2,'2021-01-22 19:37:49'),(639,'/film/2/edit_film',2,'2021-01-22 19:37:52'),(640,'/film/2/update_film',2,'2021-01-22 19:37:54'),(641,'/film/2/update_film',2,'2021-01-22 19:39:27'),(642,'/films',2,'2021-01-22 19:39:27'),(643,'/film/2/edit_film',2,'2021-01-22 19:39:35'),(644,'/film/2/update_film',2,'2021-01-22 19:39:40'),(645,'/films',2,'2021-01-22 19:39:40'),(646,'/films',2,'2021-01-22 20:10:06'),(647,'/films/new_film',2,'2021-01-22 20:10:09'),(648,'/users/create_film',2,'2021-01-22 20:10:42'),(649,'/users/create_film',2,'2021-01-22 20:11:03'),(650,'/users/create_film',2,'2021-01-22 20:12:25'),(651,'/users/create_film',2,'2021-01-22 20:13:05'),(652,'/films',2,'2021-01-22 20:13:06'),(653,'/films/new_film',2,'2021-01-22 20:13:42'),(654,'/users/create_film',2,'2021-01-22 20:13:57'),(655,'/films',2,'2021-01-22 20:13:57'),(656,'/films/new_film',2,'2021-01-22 20:14:36'),(657,'/users/create_film',2,'2021-01-22 20:14:48'),(658,'/films',2,'2021-01-22 20:14:48'),(659,'/films',2,'2021-01-22 20:16:10'),(660,'/films/new_film',2,'2021-01-22 20:16:12'),(661,'/users/create_film',2,'2021-01-22 20:16:26'),(662,'/users/create_film',2,'2021-01-22 20:17:05'),(663,'/users/create_film',2,'2021-01-22 20:18:44'),(664,'/users/create_film',2,'2021-01-22 20:18:48'),(665,'/users/create_film',2,'2021-01-22 20:19:23'),(666,'/films',2,'2021-01-22 20:19:23'),(667,'/users/create_film',2,'2021-01-22 20:20:01'),(668,'/films',2,'2021-01-22 20:20:01'),(669,'/films/new_film',2,'2021-01-22 20:20:24'),(670,'/users/create_film',2,'2021-01-22 20:20:26'),(671,'/users/create_film',2,'2021-01-22 20:20:47'),(672,'/films',2,'2021-01-22 20:20:47'),(673,'/films',2,'2021-01-22 20:21:23'),(674,'/films/new_film',2,'2021-01-22 20:21:26'),(675,'/users/create_film',2,'2021-01-22 20:21:27'),(676,'/films',2,'2021-01-22 20:21:27'),(677,'/films/new_film',2,'2021-01-22 20:25:06'),(678,'/users/create_film',2,'2021-01-22 20:25:18'),(679,'/users/create_film',2,'2021-01-22 20:28:36'),(680,'/users/create_film',2,'2021-01-22 20:29:23'),(681,'/users/create_film',2,'2021-01-22 20:29:29'),(682,'/users/create_film',2,'2021-01-22 20:29:45'),(683,'/films',2,'2021-01-22 20:29:46'),(684,'/films/new_film',2,'2021-01-22 20:29:59'),(685,'/users/create_film',2,'2021-01-22 20:30:24'),(686,'/films',2,'2021-01-22 20:30:25'),(687,'/films/new_film',2,'2021-01-22 20:31:56'),(688,'/users/create_film',2,'2021-01-22 20:32:12'),(689,'/films',2,'2021-01-22 20:32:12'),(690,'/film/1/edit_film',2,'2021-01-22 20:33:23'),(691,'/films',2,'2021-01-22 20:33:24'),(692,'/film/1/edit_film',2,'2021-01-22 20:33:25'),(693,'/film/2/edit_film',2,'2021-01-22 20:33:29'),(694,'/film/24/edit_film',2,'2021-01-22 20:33:33'),(695,'/film/26/edit_film',2,'2021-01-22 20:33:38'),(696,'/film/25/edit_film',2,'2021-01-22 20:33:40'),(697,'/films',2,'2021-01-22 20:43:29'),(698,'/film/1/edit_film',2,'2021-01-22 20:43:31'),(699,'/film/1/edit_film',2,'2021-01-22 20:43:48'),(700,'/film/1/edit_film',2,'2021-01-22 20:44:46'),(701,'/film/1/edit_film',2,'2021-01-22 20:46:51'),(702,'/film/1/edit_film',2,'2021-01-22 20:46:59'),(703,'/film/1/edit_film',2,'2021-01-22 20:47:49'),(704,'/film/1/edit_film',2,'2021-01-22 20:49:13'),(705,'/film/1/edit_film',2,'2021-01-22 20:52:58'),(706,'/film/1/edit_film',2,'2021-01-22 20:53:20'),(707,'/film/1/edit_film',2,'2021-01-22 20:53:35'),(708,'/film/1/edit_film',2,'2021-01-22 20:53:45'),(709,'/film/1/edit_film',2,'2021-01-22 20:53:58'),(710,'/film/1/edit_film',2,'2021-01-22 20:54:33'),(711,'/film/1/edit_film',2,'2021-01-22 20:54:45'),(712,'/film/1/edit_film',2,'2021-01-22 20:54:56'),(713,'/films',2,'2021-01-22 20:57:15'),(714,'/film/1/edit_film',2,'2021-01-22 20:58:02'),(715,'/film/1/edit_film',2,'2021-01-22 20:59:32'),(716,'/film/1/edit_film',2,'2021-01-22 21:01:32'),(717,'/film/1/edit_film',2,'2021-01-22 21:04:20'),(718,'/films/new_film',2,'2021-01-22 21:04:27'),(719,'/users/create_film',2,'2021-01-22 21:04:31'),(720,'/users/create_film',2,'2021-01-22 21:05:50'),(721,'/users/create_film',2,'2021-01-22 21:06:28'),(722,'/users',2,'2021-01-22 21:06:55'),(723,'/users/new',2,'2021-01-22 21:06:58'),(724,'/users/create',2,'2021-01-22 21:07:01'),(725,'/',2,'2021-01-22 21:07:01'),(726,'/users',2,'2021-01-22 21:07:18'),(727,'/users/new',2,'2021-01-22 21:07:19'),(728,'/users/create',2,'2021-01-22 21:07:21'),(729,'/users/create',2,'2021-01-22 21:07:24'),(730,'/users/create',2,'2021-01-22 21:07:27'),(731,'/users/create',2,'2021-01-22 21:14:27'),(732,'/films',2,'2021-01-22 21:14:28'),(733,'/film/1/edit_film',2,'2021-01-22 21:14:29'),(734,'/film/1/edit_film',2,'2021-01-22 21:15:25'),(735,'/film/1/edit_film',2,'2021-01-22 21:22:01'),(736,'/film/1/edit_film',2,'2021-01-22 21:22:07'),(737,'/',2,'2021-01-22 21:22:44'),(738,'/films',2,'2021-01-22 21:22:45'),(739,'/film/1/edit_film',2,'2021-01-22 21:22:46'),(740,'/film/1/edit_film',2,'2021-01-22 21:23:06'),(741,'/film/2/edit_film',2,'2021-01-22 21:23:25'),(742,'/film/1/edit_film',2,'2021-01-22 21:23:42'),(743,'/film/1/edit_film',2,'2021-01-22 21:23:45'),(744,'/films',2,'2021-01-22 21:24:28'),(745,'/film/1/edit_film',2,'2021-01-22 21:24:30'),(746,'/film/1/edit_film',2,'2021-01-22 21:24:35'),(747,'/films/new_film',2,'2021-01-22 21:35:10'),(748,'/films/new_film',2,'2021-01-22 21:35:15'),(749,'/films/new_film',2,'2021-01-22 21:35:40'),(750,'/film/1/edit_film',2,'2021-01-22 21:35:47'),(751,'/film/1/update_film',2,'2021-01-22 21:35:54'),(752,'/film/1/update_film',2,'2021-01-22 21:37:19'),(753,'/film/1/update_film',2,'2021-01-22 21:37:29'),(754,'/film/1/edit_film',2,'2021-01-22 21:38:08'),(755,'/film/1/update_film',2,'2021-01-22 21:38:13'),(756,'/films/new_film',2,'2021-01-22 21:41:55'),(757,'/films/new_film',2,'2021-01-22 21:42:20'),(758,'/films/new_film',2,'2021-01-22 21:42:24'),(759,'/film/1/edit_film',2,'2021-01-22 21:44:28'),(760,'/films/new_film',2,'2021-01-22 21:44:31'),(761,'/film/1/edit_film',2,'2021-01-22 21:44:35'),(762,'/film/1/edit_film',2,'2021-01-22 21:44:44'),(763,'/films',2,'2021-01-22 21:49:03'),(764,'/film/2/edit_film',2,'2021-01-22 21:49:05'),(765,'/film/1/edit_film',2,'2021-01-22 21:49:08'),(766,'/film/1/update_film',2,'2021-01-22 21:49:17'),(767,'/film/1/update_film',2,'2021-01-22 21:50:21'),(768,'/film/1/update_film',2,'2021-01-22 21:50:34'),(769,'/films',2,'2021-01-22 21:50:34'),(770,'/film/1/edit_film',2,'2021-01-22 21:50:38'),(771,'/film/1/update_film',2,'2021-01-22 21:50:41'),(772,'/films',2,'2021-01-22 21:50:41'),(773,'/films/new_film',2,'2021-01-22 21:51:07'),(774,'/films/new_film',2,'2021-01-22 21:52:37'),(775,'/films/new_film',2,'2021-01-22 21:55:01'),(776,'/films/new_film',2,'2021-01-22 21:55:19'),(777,'/films/new_film',2,'2021-01-22 21:55:50'),(778,'/films/new_film',2,'2021-01-22 21:57:27'),(779,'/films/new_film',2,'2021-01-22 21:57:37'),(780,'/films/new_film',2,'2021-01-22 21:57:46'),(781,'/films/new_film',2,'2021-01-22 21:58:13'),(782,'/films/new_film',2,'2021-01-22 22:00:08'),(783,'/films/new_film',2,'2021-01-22 22:00:53'),(784,'/films/new_film',2,'2021-01-22 22:00:54'),(785,'/films',2,'2021-01-22 22:03:29'),(786,'/film/26/edit_film',2,'2021-01-22 22:03:32'),(787,'/film/26/edit_film',2,'2021-01-22 22:03:38'),(788,'/film/26/edit_film',2,'2021-01-22 22:04:01'),(789,'/film/26/edit_film',2,'2021-01-22 22:04:41'),(790,'/film/26/edit_film',2,'2021-01-22 22:04:43'),(791,'/films/new_film',2,'2021-01-22 22:04:45'),(792,'/users/create_film',2,'2021-01-22 22:04:53'),(793,'/users/create_film',2,'2021-01-22 22:05:14'),(794,'/films',2,'2021-01-22 22:05:15'),(795,'/films',2,'2021-01-22 22:25:11'),(796,'/film/1/edit_film',2,'2021-01-22 22:25:13'),(797,'/film/1/update_film',2,'2021-01-22 22:25:17'),(798,'/film/1/update_film',2,'2021-01-22 22:26:27'),(799,'/film/1/update_film',2,'2021-01-22 22:26:31'),(800,'/film/1/update_film',2,'2021-01-22 22:29:37'),(801,'/film/1/update_film',2,'2021-01-22 22:29:56'),(802,'/film/1/edit_film',2,'2021-01-22 22:29:57'),(803,'/film/1/update_film',2,'2021-01-22 22:29:59'),(804,'/films',2,'2021-01-22 22:32:41'),(805,'/film/1/edit_film',2,'2021-01-22 22:32:44'),(806,'/film/1/update_film',2,'2021-01-22 22:32:48'),(807,'/film/1/update_film',2,'2021-01-22 22:36:52'),(808,'/film/1/update_film',2,'2021-01-22 22:37:17'),(809,'/film/1/update_film',2,'2021-01-22 22:37:39'),(810,'/film/1/update_film',2,'2021-01-22 22:37:40'),(811,'/film/1/update_film',2,'2021-01-22 22:38:17'),(812,'/film/1/update_film',2,'2021-01-22 22:38:24'),(813,'/film/1/update_film',2,'2021-01-22 22:38:56'),(814,'/film/1/update_film',2,'2021-01-22 22:39:08'),(815,'/film/1/update_film',2,'2021-01-22 22:39:18'),(816,'/film/1/update_film',2,'2021-01-22 22:40:04'),(817,'/film/1/edit_film',2,'2021-01-22 22:41:01'),(818,'/film/1/update_film',2,'2021-01-22 22:41:03'),(819,'/films',2,'2021-01-22 22:41:03'),(820,'/film/1/edit_film',2,'2021-01-22 22:41:44'),(821,'/film/1/update_film',2,'2021-01-22 22:41:47'),(822,'/films',2,'2021-01-22 22:41:47'),(823,'/films',2,'2021-01-22 22:42:13'),(824,'/film/1/edit_film',2,'2021-01-22 22:42:14'),(825,'/film/1/update_film',2,'2021-01-22 22:42:17'),(826,'/films',2,'2021-01-22 22:42:18'),(827,'/film/1/edit_film',2,'2021-01-22 22:42:34'),(828,'/film/1/update_film',2,'2021-01-22 22:42:37'),(829,'/films',2,'2021-01-22 22:42:37'),(830,'/films',2,'2021-01-22 22:42:57'),(831,'/film/1/edit_film',2,'2021-01-22 22:42:58'),(832,'/film/1/update_film',2,'2021-01-22 22:43:01'),(833,'/film/1/update_film',2,'2021-01-22 22:47:42'),(834,'/film/1/update_film',2,'2021-01-22 22:47:46'),(835,'/film/1/edit_film',2,'2021-01-22 22:48:24'),(836,'/film/1/update_film',2,'2021-01-22 22:49:41'),(837,'/film/1/update_film',2,'2021-01-22 22:50:27'),(838,'/film/1/update_film',2,'2021-01-22 22:51:27'),(839,'/films',2,'2021-01-22 22:51:27'),(840,'/film/1/edit_film',2,'2021-01-22 22:51:29'),(841,'/film/1/update_film',2,'2021-01-22 22:51:39'),(842,'/films',2,'2021-01-22 22:51:39'),(843,'/film/1/edit_film',2,'2021-01-22 22:52:20'),(844,'/film/1/update_film',2,'2021-01-22 22:52:23'),(845,'/films',2,'2021-01-22 22:52:23'),(846,'/',2,'2021-01-22 22:52:43'),(847,'/films',2,'2021-01-22 22:52:47'),(848,'/film/1/edit_film',2,'2021-01-22 22:52:48'),(849,'/film/1/update_film',2,'2021-01-22 22:52:51'),(850,'/films',2,'2021-01-22 22:52:52'),(851,'/films',2,'2021-01-22 22:54:05'),(852,'/film/1/edit_film',2,'2021-01-22 22:54:06'),(853,'/film/1/update_film',2,'2021-01-22 22:54:09'),(854,'/films',2,'2021-01-22 22:54:09'),(855,'/film/1/edit_film',2,'2021-01-22 22:54:53'),(856,'/film/1/update_film',2,'2021-01-22 22:54:54'),(857,'/films',2,'2021-01-22 22:54:55'),(858,'/film/2/edit_film',2,'2021-01-22 22:54:59'),(859,'/film/2/update_film',2,'2021-01-22 22:55:01'),(860,'/films',2,'2021-01-22 22:55:01'),(861,'/film/1/edit_film',2,'2021-01-22 22:55:18'),(862,'/film/1/update_film',2,'2021-01-22 22:55:23'),(863,'/films',2,'2021-01-22 22:55:23'),(864,'/film/1/edit_film',2,'2021-01-22 22:55:48'),(865,'/film/1/update_film',2,'2021-01-22 22:55:50'),(866,'/films',2,'2021-01-22 22:55:50'),(867,'/film/1/edit_film',2,'2021-01-22 22:57:14'),(868,'/film/1/update_film',2,'2021-01-22 22:57:16'),(869,'/film/1/update_film',2,'2021-01-22 22:57:39'),(870,'/films',2,'2021-01-22 22:57:39'),(871,'/film/1/edit_film',2,'2021-01-22 22:57:48'),(872,'/film/1/update_film',2,'2021-01-22 22:57:50'),(873,'/films',2,'2021-01-22 22:57:50'),(874,'/films',2,'2021-01-22 22:58:59'),(875,'/film/1/edit_film',2,'2021-01-22 22:59:01'),(876,'/film/1/update_film',2,'2021-01-22 22:59:03'),(877,'/films',2,'2021-01-22 22:59:03'),(878,'/film/1/edit_film',2,'2021-01-22 23:00:05'),(879,'/film/1/update_film',2,'2021-01-22 23:00:06'),(880,'/films',2,'2021-01-22 23:00:06'),(881,'/film/1/edit_film',2,'2021-01-22 23:01:01'),(882,'/film/1/update_film',2,'2021-01-22 23:01:03'),(883,'/films',2,'2021-01-22 23:01:03'),(884,'/film/1/edit_film',2,'2021-01-22 23:01:07'),(885,'/film/1/update_film',2,'2021-01-22 23:01:10'),(886,'/films',2,'2021-01-22 23:01:10'),(887,'/film/1/edit_film',2,'2021-01-22 23:01:50'),(888,'/film/1/update_film',2,'2021-01-22 23:01:53'),(889,'/films',2,'2021-01-22 23:01:53'),(890,'/film/1/edit_film',2,'2021-01-22 23:04:20'),(891,'/film/1/update_film',2,'2021-01-22 23:04:24'),(892,'/films',2,'2021-01-22 23:04:24'),(893,'/film/1/edit_film',2,'2021-01-22 23:04:26'),(894,'/film/1/update_film',2,'2021-01-22 23:04:29'),(895,'/film/1/update_film',2,'2021-01-22 23:05:43'),(896,'/films',2,'2021-01-22 23:05:54'),(897,'/films',2,'2021-01-22 23:05:54'),(898,'/film/1/edit_film',2,'2021-01-22 23:05:56'),(899,'/film/1/update_film',2,'2021-01-22 23:06:03'),(900,'/film/1/update_film',2,'2021-01-22 23:06:47'),(901,'/film/1/update_film',2,'2021-01-22 23:07:00'),(902,'/film/1/update_film',2,'2021-01-22 23:07:25'),(903,'/films',2,'2021-01-22 23:07:25'),(904,'/film/1/edit_film',2,'2021-01-22 23:10:08'),(905,'/film/1/update_film',2,'2021-01-22 23:10:12'),(906,'/films',2,'2021-01-22 23:10:12'),(907,'/film/1/edit_film',2,'2021-01-22 23:10:54'),(908,'/film/1/update_film',2,'2021-01-22 23:10:59'),(909,'/films',2,'2021-01-22 23:10:59'),(910,'/film/1/edit_film',2,'2021-01-22 23:11:06'),(911,'/film/1/update_film',2,'2021-01-22 23:11:11'),(912,'/films',2,'2021-01-22 23:11:11'),(913,'/film/1/edit_film',2,'2021-01-22 23:13:20'),(914,'/film/1/update_film',2,'2021-01-22 23:13:25'),(915,'/films',2,'2021-01-22 23:13:25'),(916,'/film/1/edit_film',2,'2021-01-22 23:15:04'),(917,'/film/1/update_film',2,'2021-01-22 23:15:06'),(918,'/films',2,'2021-01-22 23:15:06'),(919,'/film/1/edit_film',2,'2021-01-22 23:15:34'),(920,'/film/1/update_film',2,'2021-01-22 23:15:37'),(921,'/films',2,'2021-01-22 23:15:37'),(922,'/films',2,'2021-01-22 23:15:53'),(923,'/film/1/edit_film',2,'2021-01-22 23:15:54'),(924,'/film/1/update_film',2,'2021-01-22 23:15:58'),(925,'/films',2,'2021-01-22 23:15:58'),(926,'/film/1/edit_film',2,'2021-01-22 23:16:42'),(927,'/film/1/update_film',2,'2021-01-22 23:16:44'),(928,'/films',2,'2021-01-22 23:16:44'),(929,'/film/1/edit_film',2,'2021-01-22 23:17:34'),(930,'/film/1/update_film',2,'2021-01-22 23:17:36'),(931,'/film/1/update_film',2,'2021-01-22 23:17:48'),(932,'/films',2,'2021-01-22 23:17:48'),(933,'/film/1/edit_film',2,'2021-01-22 23:20:12'),(934,'/film/1/update_film',2,'2021-01-22 23:20:14'),(935,'/films',2,'2021-01-22 23:20:15'),(936,'/film/1/edit_film',2,'2021-01-22 23:20:28'),(937,'/film/1/update_film',2,'2021-01-22 23:20:33'),(938,'/film/1/update_film',2,'2021-01-22 23:20:56'),(939,'/films',2,'2021-01-22 23:21:07'),(940,'/film/1/edit_film',2,'2021-01-22 23:21:09'),(941,'/film/1/update_film',2,'2021-01-22 23:21:11'),(942,'/film/1/update_film',2,'2021-01-22 23:22:36'),(943,'/films',2,'2021-01-22 23:22:36'),(944,'/film/1/edit_film',2,'2021-01-22 23:22:40'),(945,'/film/1/update_film',2,'2021-01-22 23:22:43'),(946,'/film/1/update_film',2,'2021-01-22 23:24:04'),(947,'/films',2,'2021-01-22 23:24:04'),(948,'/film/1/edit_film',2,'2021-01-22 23:24:06'),(949,'/film/1/update_film',2,'2021-01-22 23:24:10'),(950,'/films',2,'2021-01-22 23:24:11'),(951,'/film/1/edit_film',2,'2021-01-22 23:24:54'),(952,'/film/1/update_film',2,'2021-01-22 23:24:57'),(953,'/films',2,'2021-01-22 23:24:57'),(954,'/films/new_film',2,'2021-01-23 00:23:15'),(955,'/static/main.js',2,'2021-01-23 00:23:15'),(956,'/users/create_film',2,'2021-01-23 00:23:20'),(957,'/films/new_film',2,'2021-01-23 00:23:22'),(958,'/films',2,'2021-01-23 00:23:24'),(959,'/',2,'2021-01-23 17:13:00'),(960,'/static/main.js',2,'2021-01-23 17:13:00'),(961,'/favicon.ico',2,'2021-01-23 17:13:00'),(962,'/films',2,'2021-01-23 17:13:02'),(963,'/films/new_film',2,'2021-01-23 17:13:03'),(964,'/users/create_film',2,'2021-01-23 17:13:34'),(965,'/users/create_film',2,'2021-01-23 17:14:05'),(966,'/users/create_film',2,'2021-01-23 17:14:10'),(967,'/users/create_film',2,'2021-01-23 17:14:54'),(968,'/users/create_film',2,'2021-01-23 17:14:57'),(969,'/users/create_film',2,'2021-01-23 17:15:14'),(970,'/films',2,'2021-01-23 17:15:14'),(971,'/static/main.js',2,'2021-01-23 17:15:14'),(972,'/films/new_film',2,'2021-01-23 17:15:44'),(973,'/users/create_film',2,'2021-01-23 17:15:59'),(974,'/films',2,'2021-01-23 17:15:59'),(975,'/films',2,'2021-01-23 17:16:53'),(976,'/films/new_film',2,'2021-01-23 17:16:55'),(977,'/users/create_film',2,'2021-01-23 17:17:07'),(978,'/users/create_film',2,'2021-01-23 17:17:23'),(979,'/users/create_film',2,'2021-01-23 17:18:38'),(980,'/films',2,'2021-01-23 17:18:38'),(981,'/static/main.js',2,'2021-01-23 17:18:38'),(982,'/films',2,'2021-01-23 17:19:45'),(983,'/films/new_film',2,'2021-01-23 17:20:15'),(984,'/users/create_film',2,'2021-01-23 17:20:32'),(985,'/films',2,'2021-01-23 17:20:32'),(986,'/films',2,'2021-01-23 17:37:39'),(987,'/films/new_film',2,'2021-01-23 17:37:40'),(988,'/users/create_film',2,'2021-01-23 17:37:52'),(989,'/films',2,'2021-01-23 17:37:53'),(990,'/films',2,'2021-01-23 18:51:35'),(991,'/films',2,'2021-01-23 18:51:56'),(992,'/static/main.js',2,'2021-01-23 18:51:56'),(993,'/films/39',2,'2021-01-23 18:51:58'),(994,'/',2,'2021-01-23 18:51:58'),(995,'/films',2,'2021-01-23 18:52:02'),(996,'/films/39',2,'2021-01-23 18:52:03'),(997,'/',2,'2021-01-23 18:52:03'),(998,'/films',2,'2021-01-23 18:52:06'),(999,'/films',2,'2021-01-23 18:52:44'),(1000,'/films/39',2,'2021-01-23 18:52:45'),(1001,'/static/main.js',2,'2021-01-23 18:53:28'),(1002,'/users',2,'2021-01-23 19:00:57'),(1003,'/users/2',2,'2021-01-23 19:00:59'),(1004,'/films',2,'2021-01-23 19:01:01'),(1005,'/films/39',2,'2021-01-23 19:01:02'),(1006,'/film/39/edit_film',2,'2021-01-23 19:01:27'),(1007,'/films/new_film',2,'2021-01-23 19:01:29'),(1008,'/films/39',2,'2021-01-23 19:02:43'),(1009,'/films/39',2,'2021-01-23 19:03:23'),(1010,'/films',2,'2021-01-23 19:04:16'),(1011,'/film/39',2,'2021-01-23 19:04:18'),(1012,'/films',2,'2021-01-23 19:05:59'),(1013,'/films/new_film',2,'2021-01-23 19:06:01'),(1014,'/film/39/edit_film',2,'2021-01-23 19:06:04'),(1015,'/film/39/update_film',2,'2021-01-23 19:06:06'),(1016,'/films',2,'2021-01-23 19:06:07'),(1017,'/films/new_film',2,'2021-01-23 19:06:09'),(1018,'/film/create_film',2,'2021-01-23 19:06:23'),(1019,'/films',2,'2021-01-23 19:06:23'),(1020,'/films',2,'2021-01-23 19:07:08'),(1021,'/films/39/edit_film',2,'2021-01-23 19:07:09'),(1022,'/films/40/edit_film',2,'2021-01-23 19:07:11'),(1023,'/films/40/edit_film',2,'2021-01-23 19:07:13'),(1024,'/films/39',2,'2021-01-23 19:07:17'),(1025,'/films/40',2,'2021-01-23 19:10:28'),(1026,'/films/40',2,'2021-01-23 19:10:53'),(1027,'/films/40',2,'2021-01-23 19:11:52'),(1028,'/films/40',2,'2021-01-23 19:12:04'),(1029,'/static/main.js',2,'2021-01-23 19:12:04'),(1030,'/films/40',2,'2021-01-23 19:12:33'),(1031,'/films/40',2,'2021-01-23 19:13:01'),(1032,'/films/40',2,'2021-01-23 19:13:34'),(1033,'/films/39',2,'2021-01-23 19:14:13'),(1034,'/auth/logout',2,'2021-01-23 19:14:24'),(1035,'/',NULL,'2021-01-23 19:14:24'),(1036,'/auth/login',NULL,'2021-01-23 19:14:25'),(1037,'/auth/login',NULL,'2021-01-23 19:14:30'),(1038,'/',12,'2021-01-23 19:14:30'),(1039,'/films',12,'2021-01-23 19:14:32'),(1040,'/films/39/edit_film',12,'2021-01-23 19:14:34'),(1041,'/films/39',12,'2021-01-23 19:14:37'),(1042,'/films/39',12,'2021-01-23 19:14:41'),(1043,'/films/40/edit_film',12,'2021-01-23 19:25:46'),(1044,'/films/40/update_film',12,'2021-01-23 19:25:50'),(1045,'/static/main.js',12,'2021-01-23 19:25:56'),(1046,'/films/40/update_film',12,'2021-01-23 19:25:58'),(1047,'/films/40/update_film',12,'2021-01-23 19:26:26'),(1048,'/films/40/update_film',12,'2021-01-23 19:26:32'),(1049,'/films/39/edit_film',12,'2021-01-23 19:26:35'),(1050,'/films',12,'2021-01-23 19:26:54'),(1051,'/auth/logout',12,'2021-01-23 19:26:56'),(1052,'/',NULL,'2021-01-23 19:26:56'),(1053,'/auth/login',NULL,'2021-01-23 19:26:57'),(1054,'/auth/login',NULL,'2021-01-23 19:27:03'),(1055,'/',2,'2021-01-23 19:27:03'),(1056,'/films',2,'2021-01-23 19:27:05'),(1057,'/films/39/edit_film',2,'2021-01-23 19:27:06'),(1058,'/films/39/update_film',2,'2021-01-23 19:27:08'),(1059,'/films',2,'2021-01-23 19:27:09'),(1060,'/auth/logout',2,'2021-01-23 19:27:11'),(1061,'/',NULL,'2021-01-23 19:27:12'),(1062,'/auth/login',NULL,'2021-01-23 19:27:13'),(1063,'/auth/login',NULL,'2021-01-23 19:27:19'),(1064,'/',12,'2021-01-23 19:27:19'),(1065,'/films',12,'2021-01-23 19:27:20'),(1066,'/films/39/edit_film',12,'2021-01-23 19:27:22'),(1067,'/films/39/update_film',12,'2021-01-23 19:27:27'),(1068,'/films',12,'2021-01-23 19:27:27'),(1069,'/films/39',12,'2021-01-23 19:27:40'),(1070,'/films',12,'2021-01-23 19:27:42'),(1071,'/films/39/edit_film',12,'2021-01-23 19:27:50'),(1072,'/films/39/update_film',12,'2021-01-23 19:27:54'),(1073,'/films/39/update_film',12,'2021-01-23 19:31:59'),(1074,'/films/39/edit_film',12,'2021-01-23 19:32:40'),(1075,'/films/39/update_film',12,'2021-01-23 19:32:42'),(1076,'/films/39/update_film',12,'2021-01-23 19:35:35'),(1077,'/films/39/update_film',12,'2021-01-23 19:36:57'),(1078,'/static/main.js',12,'2021-01-23 19:37:30'),(1079,'/films/39/update_film',12,'2021-01-23 19:37:32'),(1080,'/films',12,'2021-01-23 19:37:33'),(1081,'/films/39/edit_film',12,'2021-01-23 19:40:40'),(1082,'/films/39/update_film',12,'2021-01-23 19:40:43'),(1083,'/films',12,'2021-01-23 19:40:43'),(1084,'/films/39/edit_film',12,'2021-01-23 19:40:45'),(1085,'/films/39/update_film',12,'2021-01-23 19:40:47'),(1086,'/films',12,'2021-01-23 19:40:48'),(1087,'/films/39/edit_film',12,'2021-01-23 19:40:50'),(1088,'/films/39/update_film',12,'2021-01-23 19:40:52'),(1089,'/films',12,'2021-01-23 19:40:52'),(1090,'/auth/logout',12,'2021-01-23 20:08:21'),(1091,'/',NULL,'2021-01-23 20:08:21'),(1092,'/auth/login',NULL,'2021-01-23 20:08:22'),(1093,'/auth/login',NULL,'2021-01-23 20:08:22'),(1094,'/auth/login',NULL,'2021-01-23 20:08:27'),(1095,'/',2,'2021-01-23 20:08:27'),(1096,'/films',2,'2021-01-23 20:08:29'),(1097,'/films',2,'2021-01-23 20:09:16'),(1098,'/films',2,'2021-01-23 20:09:19'),(1099,'/films',2,'2021-01-23 20:10:51'),(1100,'/films',2,'2021-01-23 20:11:50'),(1101,'/films/new_film',2,'2021-01-23 20:12:57'),(1102,'/films/create_film',2,'2021-01-23 20:13:15'),(1103,'/films',2,'2021-01-23 20:13:15'),(1104,'/films',2,'2021-01-23 20:13:18'),(1105,'/films',2,'2021-01-23 20:13:27'),(1106,'/static/main.js',2,'2021-01-23 20:13:27'),(1107,'/films',2,'2021-01-23 20:13:46'),(1108,'/films',2,'2021-01-23 20:15:33'),(1109,'/films',2,'2021-01-23 20:15:54'),(1110,'/films',2,'2021-01-23 20:16:25'),(1111,'/static/main.js',2,'2021-01-23 20:16:25'),(1112,'/favicon.ico',2,'2021-01-23 20:16:25'),(1113,'/films',2,'2021-01-23 20:17:07'),(1114,'/films',2,'2021-01-23 20:17:19'),(1115,'/films/41/delete',2,'2021-01-23 20:17:22'),(1116,'/films',2,'2021-01-23 20:17:22'),(1117,'/',2,'2021-01-24 13:25:32'),(1118,'/static/main.js',2,'2021-01-24 13:25:32'),(1119,'/favicon.ico',2,'2021-01-24 13:25:33'),(1120,'/films',2,'2021-01-24 13:25:35'),(1121,'/films/39/edit_film',2,'2021-01-24 13:25:37'),(1122,'/films/39/update_film',2,'2021-01-24 13:25:42'),(1123,'/films/39/update_film',2,'2021-01-24 13:25:48'),(1124,'/films',2,'2021-01-24 13:25:48'),(1125,'/auth/logout',2,'2021-01-24 13:58:25'),(1126,'/',NULL,'2021-01-24 13:58:25'),(1127,'/films',NULL,'2021-01-24 13:58:26'),(1128,'/films',NULL,'2021-01-24 13:59:17'),(1129,'/films',NULL,'2021-01-24 13:59:19'),(1130,'/films',NULL,'2021-01-24 14:00:33'),(1131,'/auth/login',NULL,'2021-01-24 14:00:59'),(1132,'/auth/login',NULL,'2021-01-24 14:01:05'),(1133,'/',2,'2021-01-24 14:01:05'),(1134,'/films',2,'2021-01-24 14:01:07'),(1135,'/auth/logout',2,'2021-01-24 14:01:09'),(1136,'/',NULL,'2021-01-24 14:01:09'),(1137,'/films',NULL,'2021-01-24 14:01:11'),(1138,'/films',NULL,'2021-01-24 14:02:20'),(1139,'/auth/login',NULL,'2021-01-24 14:02:22'),(1140,'/auth/login',NULL,'2021-01-24 14:02:27'),(1141,'/',2,'2021-01-24 14:02:27'),(1142,'/films',2,'2021-01-24 14:02:30'),(1143,'/films/39',2,'2021-01-24 14:02:31'),(1144,'/films/39',2,'2021-01-24 14:06:51'),(1145,'/films/39',2,'2021-01-24 14:08:34'),(1146,'/static/main.js',2,'2021-01-24 14:08:36'),(1147,'/films/39',2,'2021-01-24 14:08:37'),(1148,'/films/39',2,'2021-01-24 14:08:43'),(1149,'/films/39',2,'2021-01-24 14:09:30'),(1150,'/films/39',2,'2021-01-24 14:09:33'),(1151,'/films/39',2,'2021-01-24 14:10:00'),(1152,'/films/39',2,'2021-01-24 14:10:31'),(1153,'/films/39',2,'2021-01-24 14:10:48'),(1154,'/films/39',2,'2021-01-24 14:10:51'),(1155,'/films/39',2,'2021-01-24 14:11:15'),(1156,'/films',2,'2021-01-24 14:11:52'),(1157,'/films/39',2,'2021-01-24 14:11:53'),(1158,'/films/39',2,'2021-01-24 14:12:30'),(1159,'/films/39',2,'2021-01-24 14:12:48'),(1160,'/films/39',2,'2021-01-24 14:19:28'),(1161,'/films/39',2,'2021-01-24 14:22:27'),(1162,'/films/39',2,'2021-01-24 14:22:33'),(1163,'/films/39',2,'2021-01-24 14:23:40'),(1164,'/films/39',2,'2021-01-24 14:23:43'),(1165,'/films/39',2,'2021-01-24 14:23:45'),(1166,'/films/39',2,'2021-01-24 14:23:45'),(1167,'/films/39',2,'2021-01-24 14:25:10'),(1168,'/films',2,'2021-01-24 14:31:59'),(1169,'/films',2,'2021-01-24 14:32:00'),(1170,'/films/39',2,'2021-01-24 14:32:01'),(1171,'/films/39',2,'2021-01-24 14:33:49'),(1172,'/films/39/create_rec',2,'2021-01-24 14:33:50'),(1173,'/films/39/create_rec',2,'2021-01-24 14:34:51'),(1174,'/films/39/create_rec',2,'2021-01-24 14:40:07'),(1175,'/films/39/create_rec',2,'2021-01-24 14:42:45'),(1176,'/films/39/create_rec',2,'2021-01-24 14:42:50'),(1177,'/films/39/create_rec',2,'2021-01-24 14:42:52'),(1178,'/films/39/create_rec',2,'2021-01-24 14:42:54'),(1179,'/films/39/create_rec',2,'2021-01-24 14:42:56'),(1180,'/films/39/edit_film',2,'2021-01-24 14:45:54'),(1181,'/films/39/update_film',2,'2021-01-24 15:04:55'),(1182,'/films/39/edit_film',2,'2021-01-24 15:05:01'),(1183,'/films',2,'2021-01-24 15:05:02'),(1184,'/users',2,'2021-01-24 15:26:38'),(1185,'/visits/logs',2,'2021-01-24 15:26:42'),(1186,'/visits/logs',2,'2021-01-24 15:26:44'),(1187,'/visits/logs',2,'2021-01-24 15:26:45'),(1188,'/visits/logs',2,'2021-01-24 15:26:46'),(1189,'/visits/logs',2,'2021-01-24 15:26:47'),(1190,'/visits/logs',2,'2021-01-24 15:26:49'),(1191,'/visits/logs',2,'2021-01-24 15:26:50'),(1192,'/visits/logs',2,'2021-01-24 15:26:52'),(1193,'/visits/logs',2,'2021-01-24 15:26:52'),(1194,'/visits/logs',2,'2021-01-24 15:26:52'),(1195,'/visits/logs',2,'2021-01-24 15:26:53'),(1196,'/visits/logs',2,'2021-01-24 15:26:54'),(1197,'/visits/logs',2,'2021-01-24 15:26:55'),(1198,'/films',2,'2021-01-24 16:02:39'),(1199,'/films/39',2,'2021-01-24 16:02:42'),(1200,'/films/39/create_rec',2,'2021-01-24 16:02:44'),(1201,'/films/39/create_rec',2,'2021-01-24 16:02:55'),(1202,'/films/39/create_rec',2,'2021-01-24 16:03:02'),(1203,'/static/main.js',2,'2021-01-24 16:06:22'),(1204,'/films/39/create_rec',2,'2021-01-24 16:06:23'),(1205,'/films/39/create_rec',2,'2021-01-24 16:06:25'),(1206,'/films/39/create_rec',2,'2021-01-24 16:09:28'),(1207,'/films/39/create_rec',2,'2021-01-24 16:09:53'),(1208,'/films/39/commit_rec',2,'2021-01-24 16:10:01'),(1209,'/films/39/edit_film',2,'2021-01-24 16:25:06'),(1210,'/films/39/update_film',2,'2021-01-24 16:25:35'),(1211,'/films',2,'2021-01-24 16:25:35'),(1212,'/films/39',2,'2021-01-24 16:25:43'),(1213,'/films/39/create_rec',2,'2021-01-24 16:25:44'),(1214,'/films/39/commit_rec',2,'2021-01-24 16:25:50'),(1215,'/static/main.js',2,'2021-01-24 16:26:40'),(1216,'/films/39/commit_rec',2,'2021-01-24 16:26:42'),(1217,'/films/39/create_rec',2,'2021-01-24 16:28:57'),(1218,'/films/39/commit_rec',2,'2021-01-24 16:29:00'),(1219,'/films/39/commit_rec',2,'2021-01-24 16:37:45'),(1220,'/films/39/commit_rec',2,'2021-01-24 16:37:47'),(1221,'/films/39/commit_rec',2,'2021-01-24 16:40:16'),(1222,'/films/39/commit_rec',2,'2021-01-24 16:40:19'),(1223,'/films/39/commit_rec',2,'2021-01-24 16:41:23'),(1224,'/films/39/commit_rec',2,'2021-01-24 16:43:13'),(1225,'/',2,'2021-01-24 16:46:50'),(1226,'/films',2,'2021-01-24 16:46:51'),(1227,'/films/39',2,'2021-01-24 16:46:53'),(1228,'/films/39/create_rec',2,'2021-01-24 16:46:54'),(1229,'/films/39/create_rec',2,'2021-01-24 16:47:27'),(1230,'/films/39/commit_rec',2,'2021-01-24 16:47:39'),(1231,'/films/39/commit_rec',2,'2021-01-24 16:47:42'),(1232,'/films/39/commit_rec',2,'2021-01-24 16:47:44'),(1233,'/films/39/commit_rec',2,'2021-01-24 16:47:46'),(1234,'/films/39/commit_rec',2,'2021-01-24 16:47:48'),(1235,'/films/39/commit_rec',2,'2021-01-24 16:47:50'),(1236,'/films/39/commit_rec',2,'2021-01-24 16:47:53'),(1237,'/films/39/commit_rec',2,'2021-01-24 16:47:55'),(1238,'/films/39/commit_rec',2,'2021-01-24 16:49:24'),(1239,'/films/39/commit_rec',2,'2021-01-24 16:49:26'),(1240,'/films/39/commit_rec',2,'2021-01-24 16:53:47'),(1241,'/films/39/commit_rec',2,'2021-01-24 16:55:33'),(1242,'/films/39/commit_rec',2,'2021-01-24 16:55:37'),(1243,'/films/39/commit_rec',2,'2021-01-24 16:57:17'),(1244,'/films/39/commit_rec',2,'2021-01-24 16:57:49'),(1245,'/films/39/commit_rec',2,'2021-01-24 16:58:23'),(1246,'/films/39/commit_rec',2,'2021-01-24 16:58:26'),(1247,'/films/39/commit_rec',2,'2021-01-24 16:58:59'),(1248,'/films/39/commit_rec',2,'2021-01-24 16:59:37'),(1249,'/auth/logout',2,'2021-01-24 17:00:47'),(1250,'/',NULL,'2021-01-24 17:00:47'),(1251,'/auth/login',NULL,'2021-01-24 17:00:48'),(1252,'/auth/login',NULL,'2021-01-24 17:00:57'),(1253,'/',2,'2021-01-24 17:00:57'),(1254,'/films',2,'2021-01-24 17:01:01'),(1255,'/films/39',2,'2021-01-24 17:01:03'),(1256,'/films/39/create_rec',2,'2021-01-24 17:01:04'),(1257,'/films/39/commit_rec',2,'2021-01-24 17:01:11'),(1258,'/static/main.js',2,'2021-01-24 17:01:37'),(1259,'/users',2,'2021-01-24 17:01:38'),(1260,'/users',2,'2021-01-24 17:02:08'),(1261,'/films',2,'2021-01-24 17:02:11'),(1262,'/films/new_film',2,'2021-01-24 17:02:20'),(1263,'/films',2,'2021-01-24 17:05:02'),(1264,'/users',2,'2021-01-24 17:06:48'),(1265,'/films',2,'2021-01-24 17:06:54'),(1266,'/',2,'2021-01-24 17:07:53'),(1267,'/films',2,'2021-01-24 17:07:54'),(1268,'/films',2,'2021-01-24 17:08:15'),(1269,'/auth/logout',2,'2021-01-24 17:08:16'),(1270,'/',NULL,'2021-01-24 17:08:17'),(1271,'/auth/login',NULL,'2021-01-24 17:08:18'),(1272,'/auth/login',NULL,'2021-01-24 17:08:24'),(1273,'/',2,'2021-01-24 17:08:24'),(1274,'/films',2,'2021-01-24 17:08:25'),(1275,'/',2,'2021-01-24 17:08:34'),(1276,'/films',2,'2021-01-24 17:08:35'),(1277,'/users',2,'2021-01-24 17:08:35'),(1278,'/films',2,'2021-01-24 17:08:36'),(1279,'/users',2,'2021-01-24 17:08:46'),(1280,'/users',2,'2021-01-24 17:12:11'),(1281,'/users',2,'2021-01-24 17:12:11'),(1282,'/visits/logs',2,'2021-01-24 17:12:13'),(1283,'/films',2,'2021-01-24 17:12:14'),(1284,'/films',2,'2021-01-24 17:12:43'),(1285,'/static/main.js',2,'2021-01-24 17:12:43'),(1286,'/favicon.ico',2,'2021-01-24 17:12:43'),(1287,'/visits/logs',2,'2021-01-24 17:12:45'),(1288,'/auth/logout',2,'2021-01-24 17:12:46'),(1289,'/',NULL,'2021-01-24 17:12:46'),(1290,'/',NULL,'2021-01-24 17:12:47'),(1291,'/users',NULL,'2021-01-24 17:12:47'),(1292,'/auth/login',NULL,'2021-01-24 17:12:57'),(1293,'/auth/login',NULL,'2021-01-24 17:13:03'),(1294,'/',2,'2021-01-24 17:13:03'),(1295,'/users',2,'2021-01-24 17:13:04'),(1296,'/users',2,'2021-01-24 17:14:22'),(1297,'/films',2,'2021-01-24 17:14:24'),(1298,'/films/39',2,'2021-01-24 17:14:39'),(1299,'/films/39/create_rec',2,'2021-01-24 17:14:40'),(1300,'/films/39/commit_rec',2,'2021-01-24 17:14:43'),(1301,'/films/39/commit_rec',2,'2021-01-24 17:15:48'),(1302,'/films/39/commit_rec',2,'2021-01-24 17:16:07'),(1303,'/films/39/commit_rec',2,'2021-01-24 17:16:27'),(1304,'/static/main.js',2,'2021-01-24 17:16:27'),(1305,'/films',2,'2021-01-24 17:17:22'),(1306,'/auth/logout',2,'2021-01-24 17:18:03'),(1307,'/',NULL,'2021-01-24 17:18:03'),(1308,'/films',NULL,'2021-01-24 17:18:04'),(1309,'/auth/login',NULL,'2021-01-24 17:18:05'),(1310,'/auth/login',NULL,'2021-01-24 17:18:11'),(1311,'/',2,'2021-01-24 17:18:11'),(1312,'/films',2,'2021-01-24 17:18:13'),(1313,'/films',2,'2021-01-24 17:20:51'),(1314,'/auth/logout',2,'2021-01-24 17:20:54'),(1315,'/',NULL,'2021-01-24 17:20:54'),(1316,'/auth/login',NULL,'2021-01-24 17:20:55'),(1317,'/auth/login',NULL,'2021-01-24 17:21:02'),(1318,'/auth/login',NULL,'2021-01-24 17:21:08'),(1319,'/auth/login',NULL,'2021-01-24 17:24:25'),(1320,'/auth/login',NULL,'2021-01-24 17:24:31'),(1321,'/',2,'2021-01-24 17:24:31'),(1322,'/auth/logout',2,'2021-01-24 17:25:14'),(1323,'/',NULL,'2021-01-24 17:25:14'),(1324,'/auth/login',NULL,'2021-01-24 17:25:15'),(1325,'/auth/login',NULL,'2021-01-24 17:25:20'),(1326,'/',2,'2021-01-24 17:25:20'),(1327,'/visits/logs',2,'2021-01-24 17:25:22'),(1328,'/films',2,'2021-01-24 17:25:22'),(1329,'/auth/logout',2,'2021-01-24 17:25:25'),(1330,'/',NULL,'2021-01-24 17:25:26'),(1331,'/films',NULL,'2021-01-24 17:25:26'),(1332,'/films',NULL,'2021-01-24 17:27:24'),(1333,'/films',NULL,'2021-01-24 17:27:50'),(1334,'/static/main.js',NULL,'2021-01-24 17:28:39'),(1335,'/users',NULL,'2021-01-24 17:28:40'),(1336,'/films',NULL,'2021-01-24 17:28:44'),(1337,'/films',NULL,'2021-01-24 17:29:31'),(1338,'/auth/login',NULL,'2021-01-24 17:29:54'),(1339,'/auth/login',NULL,'2021-01-24 17:29:59'),(1343,'/',NULL,'2021-01-24 17:30:27'),(1344,'/films',NULL,'2021-01-24 17:30:28'),(1345,'/films',NULL,'2021-01-24 17:31:42'),(1346,'/films',NULL,'2021-01-24 17:32:34'),(1347,'/films',NULL,'2021-01-24 17:32:55'),(1348,'/films',NULL,'2021-01-24 17:33:00'),(1349,'/users',NULL,'2021-01-24 17:33:30'),(1350,'/films',NULL,'2021-01-24 17:33:38'),(1351,'/users',NULL,'2021-01-24 17:33:41'),(1352,'/films',NULL,'2021-01-24 17:34:42'),(1353,'/films',NULL,'2021-01-24 17:35:33'),(1354,'/films',NULL,'2021-01-24 17:37:06'),(1355,'/films/39',NULL,'2021-01-24 17:37:09'),(1356,'/films/39',NULL,'2021-01-24 17:37:11'),(1357,'/auth/login',NULL,'2021-01-24 17:37:15'),(1358,'/auth/login',NULL,'2021-01-24 17:37:21'),(1364,'/',NULL,'2021-01-24 17:38:38'),(1365,'/auth/login',NULL,'2021-01-24 17:38:39'),(1366,'/auth/login',NULL,'2021-01-24 17:38:46'),(1367,'/',2,'2021-01-24 17:38:46'),(1368,'/films',2,'2021-01-24 17:38:48'),(1369,'/auth/logout',2,'2021-01-24 17:38:59'),(1370,'/',NULL,'2021-01-24 17:38:59'),(1371,'/',NULL,'2021-01-24 17:40:18'),(1372,'/films',NULL,'2021-01-24 17:40:19'),(1373,'/auth/login',NULL,'2021-01-24 17:40:21'),(1374,'/auth/login',NULL,'2021-01-24 17:40:28'),(1385,'/',NULL,'2021-01-24 17:45:04'),(1386,'/auth/login',NULL,'2021-01-24 17:45:05'),(1387,'/auth/login',NULL,'2021-01-24 17:45:10'),(1388,'/auth/login',NULL,'2021-01-24 17:45:15'),(1389,'/',2,'2021-01-24 17:45:15'),(1390,'/films',2,'2021-01-24 17:45:16'),(1391,'/films',2,'2021-01-24 17:47:25'),(1392,'/films',2,'2021-01-24 17:48:05'),(1393,'/auth/logout',2,'2021-01-24 17:48:07'),(1394,'/',NULL,'2021-01-24 17:48:07'),(1395,'/auth/login',NULL,'2021-01-24 17:48:08'),(1396,'/auth/login',NULL,'2021-01-24 17:48:13'),(1402,'/',NULL,'2021-01-24 17:50:02'),(1403,'/auth/login',NULL,'2021-01-24 17:50:03'),(1404,'/films',NULL,'2021-01-24 17:50:34'),(1405,'/films',NULL,'2021-01-24 17:51:28'),(1406,'/films',NULL,'2021-01-24 17:51:44'),(1407,'/auth/login',NULL,'2021-01-24 17:51:46'),(1408,'/auth/login',NULL,'2021-01-24 17:51:51'),(1412,'/',NULL,'2021-01-24 17:51:54'),(1413,'/auth/login',NULL,'2021-01-24 17:51:55'),(1414,'/auth/login',NULL,'2021-01-24 17:52:00'),(1415,'/',2,'2021-01-24 17:52:00'),(1416,'/films',2,'2021-01-24 17:52:02'),(1417,'/films',2,'2021-01-24 17:52:17'),(1418,'/users/2',2,'2021-01-24 17:52:24'),(1419,'/',2,'2021-01-24 17:52:24'),(1420,'/users',2,'2021-01-24 17:52:46'),(1421,'/users/2',2,'2021-01-24 17:52:49'),(1422,'/',2,'2021-01-24 17:52:49'),(1423,'/auth/logout',2,'2021-01-24 17:52:52'),(1424,'/',NULL,'2021-01-24 17:52:52'),(1425,'/auth/login',NULL,'2021-01-24 17:52:53'),(1426,'/auth/login',NULL,'2021-01-24 17:52:57'),(1606,'/',NULL,'2021-01-26 07:22:29'),(1607,'/auth/login',NULL,'2021-01-26 07:22:30'),(1608,'/auth/login',NULL,'2021-01-26 07:22:39'),(1609,'/',2,'2021-01-26 07:22:39'),(1610,'/films',2,'2021-01-26 07:22:42'),(1611,'/films/39',2,'2021-01-26 07:22:43'),(1612,'/films/39/create_rec',2,'2021-01-26 07:22:44'),(1613,'/films/39/commit_rec',2,'2021-01-26 07:22:53'),(1614,'/films/39/commit_rec',2,'2021-01-26 07:23:14'),(1615,'/static/styles.css',2,'2021-01-26 07:23:14'),(1616,'/static/main.js',2,'2021-01-26 07:23:14'),(1617,'/favicon.ico',2,'2021-01-26 07:23:14'),(1618,'/films/39/commit_rec',2,'2021-01-26 07:26:27'),(1619,'/films',2,'2021-01-26 07:26:36'),(1620,'/films/39',2,'2021-01-26 07:26:41'),(1621,'/films/39',2,'2021-01-26 07:26:46'),(1622,'/films/39/edit_film',2,'2021-01-26 07:26:49'),(1623,'/films/42',2,'2021-01-26 07:26:51'),(1624,'/films/39',2,'2021-01-26 07:26:53'),(1625,'/films',2,'2021-01-26 07:28:03'),(1626,'/films/39',2,'2021-01-26 07:28:04'),(1627,'/users/2',2,'2021-01-26 07:30:50'),(1628,'/',2,'2021-01-26 07:30:50'),(1629,'/',2,'2021-01-26 07:32:13'),(1630,'/users/2',2,'2021-01-26 07:32:15'),(1631,'/users/2',2,'2021-01-26 07:51:44'),(1632,'/users/2',2,'2021-01-26 07:53:47'),(1633,'/static/styles.css',2,'2021-01-26 07:53:47'),(1634,'/users/2',2,'2021-01-26 07:54:07'),(1635,'/users/2',2,'2021-01-26 07:59:05'),(1636,'/static/main.js',2,'2021-01-26 07:59:06'),(1637,'/users/2',2,'2021-01-26 08:00:32'),(1638,'/users/2',2,'2021-01-26 08:00:46'),(1639,'/users/2',2,'2021-01-26 08:00:47'),(1640,'/static/styles.css',2,'2021-01-26 08:00:47'),(1641,'/static/main.js',2,'2021-01-26 08:00:47'),(1642,'/favicon.ico',2,'2021-01-26 08:00:47'),(1643,'/users/2',2,'2021-01-26 08:01:45'),(1644,'/',2,'2021-01-26 08:01:46'),(1645,'/users/2',2,'2021-01-26 08:01:50'),(1646,'/auth/logout',2,'2021-01-26 08:03:37'),(1647,'/',NULL,'2021-01-26 08:03:37'),(1648,'/auth/login',NULL,'2021-01-26 08:03:38'),(1649,'/auth/login',NULL,'2021-01-26 08:03:45'),(1650,'/auth/login',NULL,'2021-01-26 09:08:53'),(1651,'/auth/login',NULL,'2021-01-26 09:09:06'),(1652,'/static/styles.css',NULL,'2021-01-26 09:09:08'),(1653,'/',NULL,'2021-01-26 09:09:40'),(1654,'/static/main.js',NULL,'2021-01-26 09:09:40'),(1655,'/auth/login',NULL,'2021-01-26 09:09:42'),(1656,'/auth/login',NULL,'2021-01-26 09:09:48'),(1657,'/auth/login',NULL,'2021-01-26 09:10:19'),(1666,'/',NULL,'2021-01-26 09:26:45'),(1667,'/auth/login',NULL,'2021-01-26 09:26:47'),(1668,'/auth/login',NULL,'2021-01-26 09:26:52'),(1674,'/',NULL,'2021-01-26 09:27:08'),(1675,'/auth/login',NULL,'2021-01-26 09:27:09'),(1676,'/auth/login',NULL,'2021-01-26 09:27:14'),(1677,'/',2,'2021-01-26 09:27:14'),(1678,'/users/2',2,'2021-01-26 09:27:16'),(1679,'/users/2',2,'2021-01-26 09:27:46'),(1680,'/',2,'2021-01-26 09:27:48'),(1681,'/users/2',2,'2021-01-26 09:27:54'),(1682,'/films',2,'2021-01-26 09:28:22'),(1683,'/users/2',2,'2021-01-26 09:28:24'),(1684,'/users/2',2,'2021-01-26 09:29:20'),(1685,'/auth/logout',2,'2021-01-26 09:29:23'),(1686,'/',NULL,'2021-01-26 09:29:23'),(1687,'/auth/login',NULL,'2021-01-26 09:29:24'),(1688,'/auth/login',NULL,'2021-01-26 09:29:32'),(1780,'/',NULL,'2021-01-26 11:12:41'),(1781,'/auth/login',NULL,'2021-01-26 11:12:42'),(1782,'/auth/login',NULL,'2021-01-26 11:12:50'),(1783,'/',2,'2021-01-26 11:12:50'),(1784,'/films/show_compilations',2,'2021-01-26 11:12:52');
/*!40000 ALTER TABLE `visit_logs` ENABLE KEYS */;
UNLOCK TABLES;
/*!40103 SET TIME_ZONE=@OLD_TIME_ZONE */;

/*!40101 SET SQL_MODE=@OLD_SQL_MODE */;
/*!40014 SET FOREIGN_KEY_CHECKS=@OLD_FOREIGN_KEY_CHECKS */;
/*!40014 SET UNIQUE_CHECKS=@OLD_UNIQUE_CHECKS */;
/*!40101 SET CHARACTER_SET_CLIENT=@OLD_CHARACTER_SET_CLIENT */;
/*!40101 SET CHARACTER_SET_RESULTS=@OLD_CHARACTER_SET_RESULTS */;
/*!40101 SET COLLATION_CONNECTION=@OLD_COLLATION_CONNECTION */;
/*!40111 SET SQL_NOTES=@OLD_SQL_NOTES */;

-- Dump completed on 2021-01-26 15:59:09
